Id,Order_Date,Discount,Subtotal,Total,payment,Purchase_Status,Mes,Customer_Id,Customer_Name,City,State,Region,Delivery_Id,Services,P_Sevice,D_Forecast,D_Date,Status
8,2025-02-27 06:54:32,0.0106,9208.0,9143.39,PIX,Confirmado,Fevereiro,C00008,Brenda da Rocha,Ponta Grossa,PR,Sul,D00008,Scheduled,32.99,2025-05-03 10:22:08,2025-05-05 10:22:08,A Caminho
12,2025-03-25 09:52:22,0.0442,1539.8,1504.73,Credito,Confirmado,Março,C00012,Gabriela Nogueira,Tarauacá,AC,Norte,D00012,Scheduled,32.99,2025-04-25 00:24:52,2025-04-29 00:24:52,Atrasado
17,2025-02-28 06:40:58,0.0853,3253.14,3008.64,Boleto,Confirmado,Fevereiro,C00017,Emanuel Duarte,Fortaleza,CE,Nordeste,D00017,Scheduled,32.99,2025-05-05 01:49:22,2025-05-09 01:49:22,Trânsito
25,2025-03-25 13:17:21,0.0337,103.6,133.1,PIX,Confirmado,Março,C00025,Pedro Henrique Vieira,Teresina,PI,Nordeste,D00025,Scheduled,32.99,2025-04-17 15:51:23,2025-04-19 15:51:23,Atrasado
28,2025-04-22 23:40:44,0.0154,3216.0,3209.37,Boleto,Confirmado,Abril,C00028,Ana Luiza Monteiro,Parnaíba,PI,Nordeste,D00028,Same-Day,42.9,2025-04-26 18:17:08,2025-04-30 18:17:08,Atrasado
33,2025-04-06 06:58:45,0.0339,2309.7,2254.3,Credito,Confirmado,Abril,C00033,Davi Teixeira,Contagem,MG,Sudeste,D00033,Standard,22.9,2025-05-12 17:09:59,2025-05-16 17:09:59,Trânsito
36,2025-03-18 12:37:25,0.0254,215.6,243.11,PIX,Confirmado,Março,C00036,João Lucas da Luz,Florianópolis,SC,Sul,D00036,Scheduled,32.99,2025-05-09 16:05:35,2025-05-09 16:05:35,Trânsito
38,2025-04-19 14:47:47,0.1197,499.64,482.73,Debito,Confirmado,Abril,C00038,Srta. Julia Caldeira,Blumenau,SC,Sul,D00038,Same-Day,42.9,2025-04-17 17:16:43,2025-04-20 17:16:43,Atrasado
39,2025-03-22 18:59:08,0.0743,5937.3,5519.06,Boleto,Confirmado,Março,C00039,Maria Vitória da Conceição,Boa Vista,RR,Norte,D00039,Standard,22.9,2025-04-29 04:43:18,2025-05-01 04:43:18,A Caminho
42,2025-03-27 23:28:39,0.0557,53.9,93.8,Credito,Confirmado,Março,C00042,Dr. Heitor Mendes,Maringá,PR,Sul,D00042,Same-Day,42.9,2025-05-06 22:51:51,2025-05-07 22:51:51,Entregue
46,2025-03-22 02:32:04,0.0748,8226.39,7633.96,PIX,Confirmado,Março,C00046,Henrique Nunes,São Paulo,SP,Sudeste,D00046,Standard,22.9,2025-04-14 12:05:50,2025-04-19 12:05:50,Atrasado
47,2025-03-06 02:46:53,0.0437,13812.0,13231.32,Boleto,Confirmado,Março,C00047,Melissa Melo,Itacoatiara,AM,Norte,D00047,Standard,22.9,2025-04-29 02:40:16,2025-04-29 02:40:16,A Caminho
48,2025-05-05 18:29:47,0.0774,1798.0,1691.82,Credito,Confirmado,Maio,C00048,Helena Souza,Feira de Santana,BA,Nordeste,D00048,Scheduled,32.99,2025-05-08 05:04:17,2025-05-11 05:04:17,Entregue
50,2025-05-13 18:47:18,0.1166,53.9,80.61,Credito,Confirmado,Maio,C00050,Emilly Pires,Tocantinópolis,TO,Norte,D00050,Scheduled,32.99,2025-04-18 04:50:09,2025-04-23 04:50:09,Entregue
53,2025-04-26 01:20:49,0.0174,3598.02,3568.4,PIX,Confirmado,Abril,C00053,Thales Pereira,Cascavel,PR,Sul,D00053,Scheduled,32.99,2025-04-21 04:36:59,2025-04-24 04:36:59,Entregue
56,2025-02-25 06:04:11,0.0127,2158.0,2163.58,Credito,Confirmado,Fevereiro,C00056,Dra. Kamilly Cardoso,Londrina,PR,Sul,D00056,Scheduled,32.99,2025-05-10 17:13:03,2025-05-14 17:13:03,Atrasado
59,2025-03-08 06:13:02,0.1134,3596.0,3221.2,Credito,Confirmado,Março,C00059,Guilherme Cavalcanti,João Pessoa,PB,Nordeste,D00059,Scheduled,32.99,2025-04-20 19:00:53,2025-04-25 19:00:53,A Caminho
70,2025-04-26 05:51:52,0.0407,349.8,378.46,PIX,Confirmado,Abril,C00070,Bianca Freitas,Tarauacá,AC,Norte,D00070,Same-Day,42.9,2025-04-18 10:00:44,2025-04-23 10:00:44,Trânsito
82,2025-03-30 03:05:25,0.0222,1799.01,1792.06,Debito,Confirmado,Março,C00082,Julia Ribeiro,Santa Maria,RS,Sul,D00082,Scheduled,32.99,2025-05-04 04:10:01,2025-05-04 04:10:01,Entregue
83,2025-04-27 16:58:19,0.0861,519.44,497.62,Credito,Confirmado,Abril,C00083,Stephany da Rocha,Londrina,PR,Sul,D00083,Standard,22.9,2025-04-30 15:26:16,2025-05-04 15:26:16,Entregue
88,2025-03-03 20:00:09,0.0048,519.44,539.85,Boleto,Confirmado,Março,C00088,Lucas da Costa,Juazeiro,BA,Nordeste,D00088,Standard,22.9,2025-05-14 03:19:23,2025-05-14 03:19:23,Trânsito
90,2025-03-16 03:00:14,0.1082,7196.04,6450.42,Debito,Confirmado,Março,C00090,Vitória Monteiro,Porto Velho,RO,Norte,D00090,Scheduled,32.99,2025-04-29 03:18:47,2025-04-29 03:18:47,Entregue
92,2025-03-27 05:13:40,0.0978,249.82,248.29,Debito,Confirmado,Março,C00092,Dra. Pietra Gonçalves,Juazeiro,BA,Nordeste,D00092,Standard,22.9,2025-04-24 13:29:15,2025-04-29 13:29:15,Entregue
95,2025-04-03 23:16:41,0.1253,524.7,501.86,Boleto,Confirmado,Abril,C00095,Pedro Henrique das Neves,Juiz de Fora,MG,Sudeste,D00095,Same-Day,42.9,2025-05-11 05:29:28,2025-05-16 05:29:28,Entregue
99,2025-03-16 00:49:12,0.058,519.44,512.21,PIX,Confirmado,Março,C00099,Pedro Lucas Melo,Brasiléia,AC,Norte,D00099,Standard,22.9,2025-04-13 18:28:42,2025-04-17 18:28:42,Atrasado
104,2025-04-06 15:44:57,0.1205,3049.99,2725.37,PIX,Confirmado,Abril,C00104,Isadora Oliveira,Cantá,RR,Norte,D00104,Same-Day,42.9,2025-05-06 09:02:34,2025-05-07 09:02:34,A Caminho
107,2025-03-28 12:33:18,0.0917,4288.0,3937.69,PIX,Confirmado,Março,C00107,Eduarda Ramos,Jaboatão dos Guararapes,PE,Nordeste,D00107,Same-Day,42.9,2025-05-05 06:43:25,2025-05-08 06:43:25,Trânsito
114,2025-03-19 05:32:24,0.0699,3796.0,3573.56,PIX,Confirmado,Março,C00114,Maitê Rodrigues,Florianópolis,SC,Sul,D00114,Same-Day,42.9,2025-04-27 07:47:10,2025-05-02 07:47:10,Atrasado
115,2025-05-16 06:48:30,0.0971,5937.3,5393.78,PIX,Confirmado,Maio,C00115,Luiz Miguel Caldeira,Cruzeiro do Sul,AC,Norte,D00115,Scheduled,32.99,2025-04-28 17:58:37,2025-05-02 17:58:37,Entregue
116,2025-03-13 07:35:30,0.0699,2144.0,2017.03,PIX,Confirmado,Março,C00116,João Miguel da Costa,Gurupi,TO,Norte,D00116,Standard,22.9,2025-05-17 03:27:35,2025-05-17 03:27:35,Atrasado
118,2025-03-29 16:07:45,0.0461,49.9,80.59,PIX,Confirmado,Março,C00118,Murilo Ferreira,Itacoatiara,AM,Norte,D00118,Scheduled,32.99,2025-05-01 05:57:52,2025-05-01 05:57:52,A Caminho
121,2025-03-21 17:47:53,0.0495,4316.0,4145.26,Boleto,Confirmado,Março,C00121,Vitor Souza,Joinville,SC,Sul,D00121,Same-Day,42.9,2025-04-27 20:48:45,2025-05-01 20:48:45,A Caminho
126,2025-03-30 06:33:37,0.1049,3049.99,2752.95,PIX,Confirmado,Março,C00126,Dr. Leonardo Barros,Ponta Grossa,PR,Sul,D00126,Standard,22.9,2025-04-27 16:08:40,2025-04-28 16:08:40,Trânsito
128,2025-04-29 14:12:50,0.1211,259.72,271.17,Credito,Confirmado,Abril,C00128,Henrique da Mata,Niterói,RJ,Sudeste,D00128,Same-Day,42.9,2025-04-28 06:24:11,2025-04-29 06:24:11,Trânsito
130,2025-02-19 00:02:05,0.0212,6099.98,6013.56,PIX,Confirmado,Fevereiro,C00130,Isabelly Farias,Pelotas,RS,Sul,D00130,Same-Day,42.9,2025-05-01 23:48:49,2025-05-05 23:48:49,A Caminho
131,2025-02-28 18:34:43,0.0141,3079.6,3059.08,Debito,Confirmado,Fevereiro,C00131,Isabella Mendes,Gurupi,TO,Norte,D00131,Standard,22.9,2025-05-11 18:11:06,2025-05-12 18:11:06,Entregue
133,2025-03-06 17:04:14,0.1282,3237.0,2855.01,PIX,Confirmado,Março,C00133,Lívia Gomes,Vitória,ES,Sudeste,D00133,Scheduled,32.99,2025-04-27 12:48:46,2025-04-27 12:48:46,A Caminho
134,2025-03-12 17:03:17,0.1443,699.6,631.64,Debito,Confirmado,Março,C00134,Pedro Lucas da Cruz,Juiz de Fora,MG,Sudeste,D00134,Scheduled,32.99,2025-04-24 03:43:25,2025-04-25 03:43:25,Trânsito
142,2025-02-18 10:27:01,0.1346,663.96,597.49,Debito,Confirmado,Fevereiro,C00142,Joaquim Teixeira,Caracaraí,RR,Norte,D00142,Standard,22.9,2025-05-10 05:55:46,2025-05-10 05:55:46,Trânsito
144,2025-05-01 08:58:30,0.0115,49.9,82.32,Credito,Confirmado,Maio,C00144,Dr. Nathan Cunha,São Bernardo do Campo,SP,Sudeste,D00144,Scheduled,32.99,2025-04-18 04:09:48,2025-04-23 04:09:48,Entregue
145,2025-04-25 17:41:17,0.024,389.58,423.13,Debito,Confirmado,Abril,C00145,Sr. Augusto da Luz,Blumenau,SC,Sul,D00145,Same-Day,42.9,2025-05-01 12:29:29,2025-05-02 12:29:29,A Caminho
151,2025-02-27 19:01:53,0.121,51.8,78.52,Boleto,Confirmado,Fevereiro,C00151,Nina Costela,Santo André,SP,Sudeste,D00151,Scheduled,32.99,2025-04-23 00:57:35,2025-04-26 00:57:35,Trânsito
153,2025-03-14 03:03:33,0.1203,7916.4,6986.96,PIX,Confirmado,Março,C00153,Cecília da Conceição,Joinville,SC,Sul,D00153,Standard,22.9,2025-04-19 12:39:39,2025-04-23 12:39:39,Trânsito
156,2025-04-09 16:04:35,0.1054,6099.98,5490.03,Credito,Confirmado,Abril,C00156,Ana Júlia Lima,Contagem,MG,Sudeste,D00156,Scheduled,32.99,2025-04-27 13:32:19,2025-04-27 13:32:19,A Caminho
160,2025-04-22 21:31:53,0.065,428.99,444.01,Credito,Confirmado,Abril,C00160,Cauê da Cruz,Caicó,RN,Nordeste,D00160,Same-Day,42.9,2025-04-15 20:22:20,2025-04-17 20:22:20,Atrasado
164,2025-05-16 20:39:21,0.1255,5397.03,4762.6,PIX,Confirmado,Maio,C00164,Ana Sophia Costa,Cascavel,PR,Sul,D00164,Same-Day,42.9,2025-04-25 04:19:04,2025-04-26 04:19:04,A Caminho
165,2025-05-06 15:21:43,0.1125,1079.0,980.51,Debito,Confirmado,Maio,C00165,Bernardo da Rocha,Sobral,CE,Nordeste,D00165,Standard,22.9,2025-05-01 12:43:20,2025-05-04 12:43:20,Trânsito
166,2025-02-20 23:27:11,0.0574,1286.97,1236.0,Boleto,Confirmado,Fevereiro,C00166,Emanuel Costa,Estância,SE,Nordeste,D00166,Standard,22.9,2025-04-17 09:41:30,2025-04-18 09:41:30,Entregue
167,2025-03-15 17:00:51,0.1243,6099.98,5384.65,Boleto,Confirmado,Março,C00167,Davi Lucas Gomes,Ribeirão Preto,SP,Sudeste,D00167,Same-Day,42.9,2025-05-05 14:49:41,2025-05-09 14:49:41,Atrasado
172,2025-04-10 21:34:58,0.0559,3079.6,2940.44,Credito,Confirmado,Abril,C00172,Dr. Pedro Henrique da Cruz,São Paulo,SP,Sudeste,D00172,Scheduled,32.99,2025-05-05 21:39:40,2025-05-06 21:39:40,Trânsito
180,2025-02-17 08:34:34,0.0825,4288.0,3957.14,Debito,Confirmado,Fevereiro,C00180,Rodrigo Duarte,Caicó,RN,Nordeste,D00180,Standard,22.9,2025-04-23 23:51:44,2025-04-28 23:51:44,Trânsito
181,2025-02-28 01:26:37,0.0915,5484.26,5015.44,Credito,Confirmado,Fevereiro,C00181,Rafaela Jesus,Tocantinópolis,TO,Norte,D00181,Scheduled,32.99,2025-04-27 08:43:24,2025-04-28 08:43:24,Trânsito
182,2025-04-21 14:53:30,0.1043,1286.97,1185.73,Credito,Confirmado,Abril,C00182,Ana Vitória Fernandes,Porto Alegre,RS,Sul,D00182,Scheduled,32.99,2025-04-22 03:22:49,2025-04-25 03:22:49,Entregue
183,2025-05-10 01:08:01,0.1377,2158.0,1883.74,Credito,Confirmado,Maio,C00183,Nicole Araújo,Duque de Caxias,RJ,Sudeste,D00183,Standard,22.9,2025-04-16 07:39:44,2025-04-18 07:39:44,A Caminho
187,2025-04-30 06:56:52,0.0183,51.8,73.75,Boleto,Confirmado,Abril,C00187,Pedro Lucas da Rocha,Santarém,PA,Norte,D00187,Standard,22.9,2025-04-26 16:17:07,2025-04-29 16:17:07,Entregue
188,2025-03-23 07:14:22,0.0933,7916.4,7200.7,PIX,Confirmado,Março,C00188,João Lucas da Costa,Joinville,SC,Sul,D00188,Standard,22.9,2025-05-06 10:33:21,2025-05-10 10:33:21,Entregue
189,2025-04-22 19:07:50,0.1324,18416.0,16010.71,PIX,Confirmado,Abril,C00189,Manuela Gomes,Cascavel,PR,Sul,D00189,Scheduled,32.99,2025-05-13 18:10:43,2025-05-15 18:10:43,Trânsito
194,2025-05-06 02:37:05,0.0463,519.44,518.29,Credito,Confirmado,Maio,C00194,Raul Ferreira,Betim,MG,Sudeste,D00194,Standard,22.9,2025-05-14 11:06:58,2025-05-14 11:06:58,Entregue
195,2025-04-30 08:29:03,0.0608,5397.03,5111.79,Debito,Confirmado,Abril,C00195,Stella Peixoto,Duque de Caxias,RJ,Sudeste,D00195,Same-Day,42.9,2025-04-22 23:57:28,2025-04-26 23:57:28,Trânsito
212,2025-04-22 23:02:49,0.0965,1286.97,1195.77,Debito,Confirmado,Abril,C00212,Lívia da Cunha,Tefé,AM,Norte,D00212,Scheduled,32.99,2025-04-28 11:17:58,2025-05-01 11:17:58,Atrasado
214,2025-05-08 23:04:54,0.0231,3237.0,3205.13,PIX,Confirmado,Maio,C00214,Eloah Fernandes,Vilhena,RO,Norte,D00214,Same-Day,42.9,2025-05-06 02:00:07,2025-05-06 02:00:07,Atrasado
220,2025-02-23 17:42:01,0.0319,499.64,526.6,PIX,Confirmado,Fevereiro,C00220,Sophia da Conceição,Chapecó,SC,Sul,D00220,Same-Day,42.9,2025-04-21 04:19:03,2025-04-26 04:19:03,A Caminho
223,2025-03-31 22:41:40,0.0811,3796.0,3531.04,Credito,Confirmado,Março,C00223,Sr. Pedro Miguel Duarte,Estância,SE,Nordeste,D00223,Same-Day,42.9,2025-05-09 00:31:43,2025-05-13 00:31:43,A Caminho
227,2025-03-09 19:39:07,0.1446,1626.57,1424.36,Boleto,Confirmado,Março,C00227,Rafael da Luz,São Gonçalo,RJ,Sudeste,D00227,Scheduled,32.99,2025-05-06 21:48:51,2025-05-08 21:48:51,Entregue
232,2025-03-10 02:25:37,0.0084,259.72,280.44,Debito,Confirmado,Março,C00232,Heloísa Azevedo,Curitiba,PR,Sul,D00232,Standard,22.9,2025-04-27 10:57:21,2025-04-30 10:57:21,Trânsito
233,2025-04-26 12:49:17,0.0308,3079.6,3007.65,PIX,Confirmado,Abril,C00233,Srta. Julia Mendes,Betim,MG,Sudeste,D00233,Standard,22.9,2025-05-05 13:52:10,2025-05-08 13:52:10,A Caminho
235,2025-04-02 17:14:18,0.0268,4879.71,4771.83,PIX,Confirmado,Abril,C00235,Bryan da Mota,Ribeirão Preto,SP,Sudeste,D00235,Standard,22.9,2025-05-04 07:21:21,2025-05-06 07:21:21,Trânsito
238,2025-03-01 09:58:05,0.1134,2144.0,1933.86,Credito,Confirmado,Março,C00238,Srta. Evelyn Rezende,São Gonçalo,RJ,Sudeste,D00238,Scheduled,32.99,2025-05-11 09:55:00,2025-05-14 09:55:00,A Caminho
240,2025-03-22 13:15:56,0.033,199.6,226.0,Credito,Confirmado,Março,C00240,Isaac Pereira,Linhares,ES,Sudeste,D00240,Scheduled,32.99,2025-04-17 03:27:15,2025-04-22 03:27:15,Trânsito
249,2025-04-13 06:20:03,0.0185,3253.14,3225.95,Boleto,Confirmado,Abril,C00249,Luiz Fernando Moura,Vilhena,RO,Norte,D00249,Scheduled,32.99,2025-04-19 03:50:00,2025-04-19 03:50:00,A Caminho
252,2025-05-15 23:08:43,0.121,4604.0,4089.82,Boleto,Confirmado,Maio,C00252,Miguel Fernandes,São Paulo,SP,Sudeste,D00252,Same-Day,42.9,2025-04-29 19:42:06,2025-05-03 19:42:06,Atrasado
258,2025-03-19 11:03:34,0.1135,99.8,131.37,Debito,Confirmado,Março,C00258,Esther Lima,Caicó,RN,Nordeste,D00258,Same-Day,42.9,2025-04-25 19:33:44,2025-04-27 19:33:44,Atrasado
266,2025-04-16 22:42:17,0.1242,1072.0,971.85,Credito,Confirmado,Abril,C00266,Clarice da Luz,Porto Alegre,RS,Sul,D00266,Scheduled,32.99,2025-05-05 05:16:23,2025-05-07 05:16:23,A Caminho
269,2025-02-19 14:50:32,0.0552,8226.39,7815.19,Boleto,Confirmado,Fevereiro,C00269,Dr. Thales Moraes,Betim,MG,Sudeste,D00269,Same-Day,42.9,2025-04-20 17:15:25,2025-04-23 17:15:25,Trânsito
277,2025-04-30 23:55:39,0.0244,155.4,174.51,Credito,Confirmado,Abril,C00277,Isis Pinto,Santarém,PA,Norte,D00277,Standard,22.9,2025-04-24 04:08:49,2025-04-28 04:08:49,Entregue
286,2025-04-08 04:08:21,0.0741,129.86,163.14,Boleto,Confirmado,Abril,C00286,Lucca Sales,Santo André,SP,Sudeste,D00286,Same-Day,42.9,2025-05-12 09:35:34,2025-05-12 09:35:34,A Caminho
289,2025-03-28 16:06:11,0.1194,1798.0,1626.22,Boleto,Confirmado,Março,C00289,Rodrigo Souza,São Gonçalo,RJ,Sudeste,D00289,Same-Day,42.9,2025-05-01 07:30:32,2025-05-04 07:30:32,Entregue
290,2025-05-05 04:36:11,0.0325,5484.26,5328.92,PIX,Confirmado,Maio,C00290,Nicolas Barbosa,Porto Nacional,TO,Norte,D00290,Standard,22.9,2025-04-29 15:36:12,2025-05-03 15:36:12,Trânsito
294,2025-03-23 21:53:48,0.0271,1799.01,1773.16,PIX,Confirmado,Março,C00294,Bianca Rodrigues,Itajaí,SC,Sul,D00294,Standard,22.9,2025-04-17 14:23:36,2025-04-17 14:23:36,Entregue
297,2025-02-22 17:06:56,0.0835,7916.4,7298.28,Debito,Confirmado,Fevereiro,C00297,Enzo Monteiro,Curitiba,PR,Sul,D00297,Same-Day,42.9,2025-04-22 01:03:30,2025-04-26 01:03:30,A Caminho
303,2025-02-23 05:57:30,0.0385,519.44,522.34,Credito,Confirmado,Fevereiro,C00303,Cauê Barbosa,Santo André,SP,Sudeste,D00303,Standard,22.9,2025-05-08 03:46:58,2025-05-10 03:46:58,Atrasado
304,2025-04-24 10:29:22,0.1257,35.8,74.2,PIX,Confirmado,Abril,C00304,Ana Beatriz Freitas,Ponta Grossa,PR,Sul,D00304,Same-Day,42.9,2025-04-12 11:33:52,2025-04-17 11:33:52,Entregue
311,2025-02-22 21:14:53,0.0929,1072.0,1005.4,Debito,Confirmado,Fevereiro,C00311,Joana Teixeira,Nova Iguaçu,RJ,Sudeste,D00311,Scheduled,32.99,2025-05-11 12:17:14,2025-05-16 12:17:14,Entregue
313,2025-03-06 21:02:53,0.0561,1979.1,1910.97,Credito,Confirmado,Março,C00313,Enrico Novaes,Bayeux,PB,Nordeste,D00313,Same-Day,42.9,2025-04-14 08:47:15,2025-04-19 08:47:15,Trânsito
317,2025-03-26 11:48:29,0.0891,12199.96,11135.84,Debito,Confirmado,Março,C00317,Srta. Alana Cavalcanti,Londrina,PR,Sul,D00317,Standard,22.9,2025-04-23 19:33:33,2025-04-23 19:33:33,Atrasado
323,2025-02-18 13:06:03,0.0968,2144.0,1979.36,Credito,Confirmado,Fevereiro,C00323,Sr. Arthur Vieira,São Paulo,SP,Sudeste,D00323,Same-Day,42.9,2025-04-19 07:07:52,2025-04-21 07:07:52,Atrasado
326,2025-03-24 05:36:34,0.1468,3253.14,2798.48,PIX,Confirmado,Março,C00326,Marcelo Farias,Laranjal do Jari,AP,Norte,D00326,Standard,22.9,2025-05-08 14:33:35,2025-05-12 14:33:35,Atrasado
334,2025-02-21 17:39:49,0.0593,519.44,511.54,Credito,Confirmado,Fevereiro,C00334,João Souza,Imperatriz,MA,Nordeste,D00334,Standard,22.9,2025-05-02 04:22:13,2025-05-03 04:22:13,Trânsito
336,2025-02-22 03:20:32,0.1338,428.99,414.49,PIX,Confirmado,Fevereiro,C00336,Calebe Fernandes,Estância,SE,Nordeste,D00336,Same-Day,42.9,2025-05-05 14:04:57,2025-05-07 14:04:57,A Caminho
340,2025-02-25 02:11:55,0.0215,449.0,462.25,Boleto,Confirmado,Fevereiro,C00340,Isaac Lopes,Uberlândia,MG,Sudeste,D00340,Standard,22.9,2025-04-29 11:56:34,2025-04-30 11:56:34,A Caminho
352,2025-05-04 10:19:28,0.0866,3958.2,3658.32,PIX,Confirmado,Maio,C00352,Rodrigo da Paz,Uberlândia,MG,Sudeste,D00352,Same-Day,42.9,2025-05-07 09:15:22,2025-05-09 09:15:22,Trânsito
360,2025-05-03 15:56:27,0.0553,3216.0,3081.06,Boleto,Confirmado,Maio,C00360,Anthony Aragão,Cachoeiro de Itapemirim,ES,Sudeste,D00360,Same-Day,42.9,2025-05-01 11:45:20,2025-05-01 11:45:20,A Caminho
361,2025-03-15 16:06:01,0.0249,331.98,366.61,Boleto,Confirmado,Março,C00361,Letícia Porto,Santana,AP,Norte,D00361,Same-Day,42.9,2025-04-18 17:42:18,2025-04-23 17:42:18,Entregue
363,2025-02-20 23:41:54,0.0978,9208.0,8340.45,PIX,Confirmado,Fevereiro,C00363,Maria Sophia Caldeira,Porto Nacional,TO,Norte,D00363,Scheduled,32.99,2025-04-19 04:30:21,2025-04-24 04:30:21,Trânsito
380,2025-03-16 10:21:59,0.0503,1799.01,1741.51,PIX,Confirmado,Março,C00380,Juliana Silveira,Propriá,SE,Nordeste,D00380,Scheduled,32.99,2025-05-11 23:35:39,2025-05-15 23:35:39,Trânsito
382,2025-03-04 21:49:50,0.0597,1286.97,1243.13,Debito,Confirmado,Março,C00382,Eloah Mendes,Rio de Janeiro,RJ,Sudeste,D00382,Scheduled,32.99,2025-05-08 11:02:24,2025-05-13 11:02:24,Trânsito
383,2025-05-04 23:20:55,0.0437,5484.26,5287.5,Debito,Confirmado,Maio,C00383,Sabrina Viana,Caxias do Sul,RS,Sul,D00383,Same-Day,42.9,2025-04-22 02:08:05,2025-04-23 02:08:05,Trânsito
386,2025-03-26 10:43:24,0.0661,7196.04,6743.28,Debito,Confirmado,Março,C00386,João Lucas Gonçalves,Sena Madureira,AC,Norte,D00386,Standard,22.9,2025-05-04 07:21:35,2025-05-05 07:21:35,Entregue
388,2025-03-09 12:07:47,0.0548,1796.0,1740.48,Credito,Confirmado,Março,C00388,João Gabriel Almeida,Crato,CE,Nordeste,D00388,Same-Day,42.9,2025-05-08 10:47:39,2025-05-12 10:47:39,Atrasado
394,2025-05-06 02:50:33,0.1161,5484.26,4880.53,PIX,Confirmado,Maio,C00394,Ana Sophia Souza,Juiz de Fora,MG,Sudeste,D00394,Scheduled,32.99,2025-05-16 02:09:53,2025-05-17 02:09:53,A Caminho
402,2025-02-20 18:38:11,0.0194,2309.7,2307.79,Credito,Confirmado,Fevereiro,C00402,Raul Almeida,Marabá,PA,Norte,D00402,Same-Day,42.9,2025-04-24 19:54:51,2025-04-26 19:54:51,Atrasado
404,2025-03-03 15:56:16,0.09,2697.0,2477.17,Debito,Confirmado,Março,C00404,Nicolas da Costa,Itajaí,SC,Sul,D00404,Standard,22.9,2025-05-03 19:04:10,2025-05-06 19:04:10,Trânsito
405,2025-03-26 15:27:13,0.076,499.64,494.66,Boleto,Confirmado,Março,C00405,Guilherme Viana,Sena Madureira,AC,Norte,D00405,Scheduled,32.99,2025-04-15 07:21:29,2025-04-18 07:21:29,Atrasado
408,2025-03-26 08:26:40,0.0786,259.72,282.21,Credito,Confirmado,Março,C00408,Rafaela Peixoto,Ribeirão Preto,SP,Sudeste,D00408,Same-Day,42.9,2025-04-21 09:29:16,2025-04-26 09:29:16,Atrasado
409,2025-05-14 06:14:40,0.0598,49.9,89.82,Credito,Confirmado,Maio,C00409,Calebe da Mata,Curitiba,PR,Sul,D00409,Same-Day,42.9,2025-05-05 23:40:11,2025-05-06 23:40:11,Entregue
411,2025-04-03 20:02:51,0.1315,165.99,187.06,Boleto,Confirmado,Abril,C00411,Marcela Viana,Parnamirim,RN,Nordeste,D00411,Same-Day,42.9,2025-04-19 06:13:04,2025-04-22 06:13:04,Entregue
418,2025-03-12 12:10:53,0.0295,374.73,396.67,PIX,Confirmado,Março,C00418,Ana Sophia Costela,Uberlândia,MG,Sudeste,D00418,Scheduled,32.99,2025-05-07 22:57:19,2025-05-09 22:57:19,Trânsito
422,2025-03-17 09:53:57,0.0624,1626.57,1567.97,Debito,Confirmado,Março,C00422,Leandro da Costa,Rolim de Moura,RO,Norte,D00422,Same-Day,42.9,2025-05-14 12:30:06,2025-05-16 12:30:06,Entregue
426,2025-02-28 01:31:57,0.0969,35.8,55.23,Debito,Confirmado,Fevereiro,C00426,Davi Costela,Currais Novos,RN,Nordeste,D00426,Standard,22.9,2025-04-26 05:57:43,2025-04-27 05:57:43,Atrasado
431,2025-02-22 03:30:48,0.0602,3796.0,3610.38,Boleto,Confirmado,Fevereiro,C00431,Sr. Carlos Eduardo Sales,Londrina,PR,Sul,D00431,Same-Day,42.9,2025-05-11 08:03:28,2025-05-15 08:03:28,Entregue
434,2025-03-13 08:23:29,0.0968,5397.03,4907.59,PIX,Confirmado,Março,C00434,Sra. Camila Fogaça,Caxias do Sul,RS,Sul,D00434,Scheduled,32.99,2025-05-13 10:51:35,2025-05-17 10:51:35,Entregue
435,2025-04-12 13:32:20,0.1448,5937.3,5110.57,Boleto,Confirmado,Abril,C00435,Dr. Noah Duarte,São Gonçalo,RJ,Sudeste,D00435,Scheduled,32.99,2025-05-01 12:43:15,2025-05-05 12:43:15,Trânsito
440,2025-04-09 17:04:09,0.0049,3958.2,3971.79,Boleto,Confirmado,Abril,C00440,Maria Fernanda Gomes,Caxias do Sul,RS,Sul,D00440,Scheduled,32.99,2025-04-22 00:31:04,2025-04-27 00:31:04,Trânsito
442,2025-04-16 09:50:37,0.1273,7916.4,6941.63,Debito,Confirmado,Abril,C00442,Daniel da Luz,Tefé,AM,Norte,D00442,Scheduled,32.99,2025-05-14 21:17:26,2025-05-14 21:17:26,Atrasado
443,2025-04-29 20:14:34,0.0576,4604.0,4381.71,PIX,Confirmado,Abril,C00443,Dr. João Pedro Silveira,Blumenau,SC,Sul,D00443,Same-Day,42.9,2025-05-09 05:00:08,2025-05-12 05:00:08,A Caminho
448,2025-03-13 09:29:11,0.0921,207.2,221.11,Debito,Confirmado,Março,C00448,Eloah Mendes,Tarauacá,AC,Norte,D00448,Scheduled,32.99,2025-05-06 11:58:10,2025-05-07 11:58:10,Atrasado
453,2025-04-26 06:40:23,0.1127,35.8,64.76,PIX,Confirmado,Abril,C00453,Nicole Vieira,Maringá,PR,Sul,D00453,Scheduled,32.99,2025-04-18 21:06:51,2025-04-22 21:06:51,Entregue
461,2025-04-04 00:59:25,0.0921,1715.96,1590.91,PIX,Confirmado,Abril,C00461,Srta. Heloísa Moraes,Pelotas,RS,Sul,D00461,Scheduled,32.99,2025-04-29 03:51:18,2025-04-30 03:51:18,A Caminho
469,2025-03-09 18:12:13,0.0163,3049.99,3023.18,PIX,Confirmado,Março,C00469,Gabrielly Souza,Chapecó,SC,Sul,D00469,Standard,22.9,2025-05-01 09:33:12,2025-05-02 09:33:12,Trânsito
472,2025-04-14 15:29:08,0.0882,9208.0,8428.84,Debito,Confirmado,Abril,C00472,Caio Novaes,Blumenau,SC,Sul,D00472,Scheduled,32.99,2025-05-02 21:31:16,2025-05-07 21:31:16,Trânsito
481,2025-03-10 02:27:00,0.0696,331.98,341.86,Credito,Confirmado,Março,C00481,Brenda das Neves,Joinville,SC,Sul,D00481,Scheduled,32.99,2025-04-18 06:10:38,2025-04-23 06:10:38,A Caminho
483,2025-04-29 08:44:48,0.0877,259.72,279.84,Credito,Confirmado,Abril,C00483,Isaac Correia,Linhares,ES,Sudeste,D00483,Same-Day,42.9,2025-05-11 01:21:31,2025-05-16 01:21:31,Atrasado
486,2025-04-19 13:44:38,0.0458,5937.3,5698.36,Boleto,Confirmado,Abril,C00486,Catarina Oliveira,Pico,PI,Nordeste,D00486,Scheduled,32.99,2025-04-22 12:29:40,2025-04-26 12:29:40,Entregue
487,2025-04-19 14:47:08,0.0207,2697.0,2684.07,Credito,Confirmado,Abril,C00487,Carolina Nogueira,Santo André,SP,Sudeste,D00487,Same-Day,42.9,2025-05-11 17:33:19,2025-05-16 17:33:19,A Caminho
488,2025-03-01 22:37:41,0.0132,2158.0,2162.5,Credito,Confirmado,Março,C00488,Ana Carolina Santos,Serra,ES,Sudeste,D00488,Scheduled,32.99,2025-04-21 03:28:49,2025-04-22 03:28:49,A Caminho
490,2025-04-03 09:30:22,0.1056,1347.0,1237.75,Credito,Confirmado,Abril,C00490,Camila Sales,Pelotas,RS,Sul,D00490,Scheduled,32.99,2025-05-02 19:21:12,2025-05-05 19:21:12,Entregue
492,2025-05-05 21:34:28,0.1374,5484.26,4763.71,Debito,Confirmado,Maio,C00492,Milena da Cruz,Pico,PI,Nordeste,D00492,Scheduled,32.99,2025-05-06 12:02:28,2025-05-10 12:02:28,Atrasado
493,2025-02-17 23:21:03,0.0523,389.58,412.1,Boleto,Confirmado,Fevereiro,C00493,Stephany Ferreira,Cascavel,PR,Sul,D00493,Same-Day,42.9,2025-04-22 03:19:26,2025-04-22 03:19:26,Atrasado
495,2025-04-22 11:38:16,0.0929,3049.99,2809.55,Debito,Confirmado,Abril,C00495,Catarina Nogueira,Blumenau,SC,Sul,D00495,Same-Day,42.9,2025-04-17 20:34:46,2025-04-18 20:34:46,Atrasado
500,2025-05-08 09:31:48,0.1146,1286.97,1182.38,Debito,Confirmado,Maio,C00500,Sra. Julia Fernandes,Imperatriz,MA,Nordeste,D00500,Same-Day,42.9,2025-05-01 03:09:09,2025-05-06 03:09:09,A Caminho
501,2025-05-04 02:35:28,0.0949,249.82,259.1,Credito,Confirmado,Maio,C00501,Brenda Nunes,Manaus,AM,Norte,D00501,Scheduled,32.99,2025-04-25 13:36:34,2025-04-29 13:36:34,Entregue
503,2025-05-03 06:27:39,0.0043,3796.0,3822.58,Credito,Confirmado,Maio,C00503,Isabelly Teixeira,Mossoró,RN,Nordeste,D00503,Same-Day,42.9,2025-05-13 09:00:53,2025-05-13 09:00:53,A Caminho
508,2025-03-20 00:32:20,0.1359,899.0,819.73,Boleto,Confirmado,Março,C00508,Beatriz Silva,Cascavel,PR,Sul,D00508,Same-Day,42.9,2025-04-17 06:20:50,2025-04-19 06:20:50,Entregue
510,2025-04-30 02:23:30,0.0102,1626.57,1642.97,PIX,Confirmado,Abril,C00510,Beatriz Costa,Bom Jesus,PI,Nordeste,D00510,Scheduled,32.99,2025-04-26 02:59:24,2025-04-29 02:59:24,Entregue
511,2025-04-09 01:39:31,0.0314,524.7,541.21,PIX,Confirmado,Abril,C00511,Francisco Barbosa,Pelotas,RS,Sul,D00511,Scheduled,32.99,2025-04-21 15:13:08,2025-04-26 15:13:08,Entregue
514,2025-05-17 10:46:34,0.1223,103.6,123.92,Debito,Confirmado,Maio,C00514,Pedro Miguel da Cruz,Recife,PE,Nordeste,D00514,Scheduled,32.99,2025-04-27 07:08:00,2025-05-01 07:08:00,Atrasado
516,2025-05-05 02:45:24,0.0618,7196.04,6774.22,Debito,Confirmado,Maio,C00516,Vitor Gabriel Alves,Cantá,RR,Norte,D00516,Standard,22.9,2025-04-29 19:00:43,2025-05-04 19:00:43,A Caminho
522,2025-04-13 13:44:51,0.0182,107.8,148.74,Debito,Confirmado,Abril,C00522,Clarice Rezende,Blumenau,SC,Sul,D00522,Same-Day,42.9,2025-04-23 11:23:58,2025-04-28 11:23:58,Entregue
524,2025-04-21 20:47:57,0.1001,7196.04,6518.62,Boleto,Confirmado,Abril,C00524,Srta. Emanuella Caldeira,Uberlândia,MG,Sudeste,D00524,Same-Day,42.9,2025-04-25 11:44:14,2025-04-26 11:44:14,Atrasado
527,2025-02-22 06:40:32,0.0193,53.7,85.65,Boleto,Confirmado,Fevereiro,C00527,Marcos Vinicius Rodrigues,Campinas,SP,Sudeste,D00527,Scheduled,32.99,2025-05-11 09:48:49,2025-05-13 09:48:49,A Caminho
533,2025-05-13 00:16:20,0.079,769.9,751.98,PIX,Confirmado,Maio,C00533,Joana Moura,Mazagão,AP,Norte,D00533,Same-Day,42.9,2025-04-26 22:00:17,2025-04-28 22:00:17,A Caminho
534,2025-04-04 02:16:40,0.103,1715.96,1562.12,Credito,Confirmado,Abril,C00534,Dr. Ian Santos,Curitiba,PR,Sul,D00534,Standard,22.9,2025-04-20 17:49:21,2025-04-22 17:49:21,A Caminho
539,2025-02-18 06:59:10,0.1461,4316.0,3708.33,Debito,Confirmado,Fevereiro,C00539,Rafaela Carvalho,Betim,MG,Sudeste,D00539,Standard,22.9,2025-05-12 01:18:03,2025-05-14 01:18:03,Atrasado
553,2025-05-09 13:52:31,0.1104,389.58,369.47,Boleto,Confirmado,Maio,C00553,Nicole Rocha,Itacoatiara,AM,Norte,D00553,Standard,22.9,2025-04-21 20:32:42,2025-04-23 20:32:42,A Caminho
559,2025-04-06 09:16:16,0.109,174.9,178.74,Debito,Confirmado,Abril,C00559,Luigi Almeida,Pelotas,RS,Sul,D00559,Standard,22.9,2025-04-14 11:38:24,2025-04-18 11:38:24,Entregue
566,2025-04-30 04:07:56,0.0299,17.9,60.26,PIX,Confirmado,Abril,C00566,Ana Laura Viana,Ponta Grossa,PR,Sul,D00566,Same-Day,42.9,2025-05-02 07:11:20,2025-05-04 07:11:20,Atrasado
569,2025-03-09 04:12:41,0.117,899.0,836.72,Debito,Confirmado,Março,C00569,Laís das Neves,Tarauacá,AC,Norte,D00569,Same-Day,42.9,2025-05-08 19:03:46,2025-05-13 19:03:46,Entregue
571,2025-02-27 23:33:07,0.064,519.44,509.1,PIX,Confirmado,Fevereiro,C00571,Olivia Alves,Aracaju,SE,Nordeste,D00571,Standard,22.9,2025-05-01 01:00:27,2025-05-02 01:00:27,A Caminho
575,2025-02-17 17:05:50,0.0512,35.8,56.87,PIX,Confirmado,Fevereiro,C00575,Kamilly Pereira,Pelotas,RS,Sul,D00575,Standard,22.9,2025-04-26 10:47:35,2025-04-29 10:47:35,Atrasado
582,2025-04-07 09:50:49,0.1314,18416.0,16039.04,PIX,Confirmado,Abril,C00582,Natália Silva,Cascavel,PR,Sul,D00582,Same-Day,42.9,2025-04-29 03:43:42,2025-05-04 03:43:42,A Caminho
583,2025-04-14 04:32:58,0.1198,4288.0,3817.2,Boleto,Confirmado,Abril,C00583,Rodrigo Mendes,Campinas,SP,Sudeste,D00583,Same-Day,42.9,2025-05-08 13:31:52,2025-05-08 13:31:52,A Caminho
586,2025-03-21 07:01:16,0.0045,1626.57,1652.24,Debito,Confirmado,Março,C00586,João Miguel Castro,Gurupi,TO,Norte,D00586,Scheduled,32.99,2025-04-27 17:53:47,2025-04-27 17:53:47,Atrasado
590,2025-04-14 15:18:13,0.0225,1715.96,1700.25,PIX,Confirmado,Abril,C00590,Murilo da Cunha,Caucaia,CE,Nordeste,D00590,Standard,22.9,2025-05-05 21:27:26,2025-05-08 21:27:26,Entregue
596,2025-05-07 14:40:12,0.1405,207.2,211.08,Boleto,Confirmado,Maio,C00596,Maysa Aragão,Gravataí,RS,Sul,D00596,Scheduled,32.99,2025-05-14 19:43:47,2025-05-14 19:43:47,Trânsito
597,2025-05-17 09:43:51,0.0844,499.64,500.37,PIX,Confirmado,Maio,C00597,Augusto Gomes,Laranjal do Jari,AP,Norte,D00597,Same-Day,42.9,2025-04-18 06:18:30,2025-04-22 06:18:30,Entregue
599,2025-04-20 12:45:43,0.1141,49.9,67.11,Debito,Confirmado,Abril,C00599,Marcela Barros,Contagem,MG,Sudeste,D00599,Standard,22.9,2025-05-13 12:56:43,2025-05-14 12:56:43,Entregue
600,2025-02-27 10:05:22,0.0992,5484.26,4963.12,PIX,Confirmado,Fevereiro,C00600,Alice Dias,Currais Novos,RN,Nordeste,D00600,Standard,22.9,2025-05-07 05:21:40,2025-05-07 05:21:40,A Caminho
601,2025-03-22 20:00:51,0.0745,17.9,39.47,Credito,Confirmado,Março,C00601,Marina Cardoso,Palmas,TO,Norte,D00601,Standard,22.9,2025-04-26 08:49:40,2025-04-29 08:49:40,Entregue
604,2025-03-03 14:15:52,0.0534,1799.01,1735.93,Debito,Confirmado,Março,C00604,Emanuelly Pires,Rio de Janeiro,RJ,Sudeste,D00604,Scheduled,32.99,2025-04-28 20:25:51,2025-05-03 20:25:51,Atrasado
611,2025-04-02 17:41:59,0.1277,857.98,791.32,Boleto,Confirmado,Abril,C00611,Ana Vitória Silva,Betim,MG,Sudeste,D00611,Same-Day,42.9,2025-05-14 01:00:36,2025-05-15 01:00:36,Entregue
615,2025-05-06 20:01:54,0.1349,349.8,345.51,Debito,Confirmado,Maio,C00615,Kamilly Correia,Curitiba,PR,Sul,D00615,Same-Day,42.9,2025-04-17 17:05:21,2025-04-22 17:05:21,A Caminho
618,2025-03-25 05:37:14,0.0697,4316.0,4038.07,PIX,Confirmado,Março,C00618,Clara Cardoso,Juiz de Fora,MG,Sudeste,D00618,Standard,22.9,2025-04-24 00:24:08,2025-04-27 00:24:08,Atrasado
621,2025-02-26 05:27:11,0.0639,1072.0,1036.49,Credito,Confirmado,Fevereiro,C00621,Ana Júlia Sales,Parintins,AM,Norte,D00621,Scheduled,32.99,2025-04-23 12:37:10,2025-04-27 12:37:10,Trânsito
624,2025-03-04 20:07:27,0.0235,51.8,83.57,Debito,Confirmado,Março,C00624,João Lucas Pereira,Sena Madureira,AC,Norte,D00624,Scheduled,32.99,2025-04-28 15:51:59,2025-04-28 15:51:59,Entregue
631,2025-05-02 17:51:23,0.1296,3253.14,2874.43,Debito,Confirmado,Maio,C00631,Pedro Henrique da Cunha,Londrina,PR,Sul,D00631,Same-Day,42.9,2025-05-13 04:56:08,2025-05-15 04:56:08,Atrasado
635,2025-03-03 05:56:43,0.0911,2742.13,2515.22,Debito,Confirmado,Março,C00635,Levi Gonçalves,Palmas,TO,Norte,D00635,Standard,22.9,2025-05-15 21:57:16,2025-05-15 21:57:16,Atrasado
636,2025-02-28 16:28:39,0.1138,499.64,485.68,Boleto,Confirmado,Fevereiro,C00636,Sra. Stephany Lopes,Maringá,PR,Sul,D00636,Same-Day,42.9,2025-04-24 20:23:57,2025-04-24 20:23:57,Entregue
640,2025-05-07 19:51:16,0.0936,3253.14,2981.64,PIX,Confirmado,Maio,C00640,Isadora Novaes,Cachoeiro de Itapemirim,ES,Sudeste,D00640,Scheduled,32.99,2025-04-16 05:28:52,2025-04-21 05:28:52,Entregue
644,2025-02-21 03:54:31,0.0048,949.0,977.43,Debito,Confirmado,Fevereiro,C00644,Eduardo Pires,Contagem,MG,Sudeste,D00644,Scheduled,32.99,2025-05-03 23:07:51,2025-05-03 23:07:51,A Caminho
645,2025-03-13 18:19:13,0.1115,103.6,114.95,Debito,Confirmado,Março,C00645,Ana Jesus,Florianópolis,SC,Sul,D00645,Standard,22.9,2025-05-11 22:52:45,2025-05-11 22:52:45,A Caminho
649,2025-03-27 10:32:42,0.1264,374.73,360.35,Boleto,Confirmado,Março,C00649,João Guilherme Rocha,Bom Jesus,PI,Nordeste,D00649,Scheduled,32.99,2025-04-13 08:05:56,2025-04-18 08:05:56,A Caminho
653,2025-03-11 03:47:42,0.0578,3237.0,3072.8,Credito,Confirmado,Março,C00653,Maria Vitória Fernandes,São Paulo,SP,Sudeste,D00653,Standard,22.9,2025-04-18 13:55:15,2025-04-23 13:55:15,Entregue
654,2025-04-23 07:46:51,0.1408,1798.0,1577.83,Debito,Confirmado,Abril,C00654,Dra. Julia Castro,Rio de Janeiro,RJ,Sudeste,D00654,Scheduled,32.99,2025-05-01 13:42:02,2025-05-04 13:42:02,Trânsito
668,2025-04-04 06:01:45,0.0961,1799.01,1659.12,Boleto,Confirmado,Abril,C00668,Isabelly das Neves,Caxias do Sul,RS,Sul,D00668,Scheduled,32.99,2025-04-19 09:22:16,2025-04-24 09:22:16,Entregue
670,2025-04-27 13:18:18,0.0991,2742.13,2513.28,Debito,Confirmado,Abril,C00670,Sr. Daniel Pinto,Nova Iguaçu,RJ,Sudeste,D00670,Same-Day,42.9,2025-04-26 11:24:54,2025-04-27 11:24:54,Entregue
677,2025-04-07 15:05:28,0.0784,7916.4,7328.74,Boleto,Confirmado,Abril,C00677,Dr. Theo Dias,Pelotas,RS,Sul,D00677,Scheduled,32.99,2025-05-07 01:51:21,2025-05-12 01:51:21,Trânsito
678,2025-04-15 13:59:35,0.0965,769.9,738.5,PIX,Confirmado,Abril,C00678,Giovanna Melo,Recife,PE,Nordeste,D00678,Same-Day,42.9,2025-04-23 21:03:08,2025-04-26 21:03:08,A Caminho
688,2025-03-08 22:51:40,0.0689,898.0,859.03,PIX,Confirmado,Março,C00688,Levi Freitas,Ji-Paraná,RO,Norte,D00688,Standard,22.9,2025-04-14 11:12:04,2025-04-18 11:12:04,A Caminho
691,2025-03-22 07:16:27,0.1052,2742.13,2476.56,Boleto,Confirmado,Março,C00691,André Correia,São Gonçalo,RJ,Sudeste,D00691,Standard,22.9,2025-05-10 18:34:36,2025-05-15 18:34:36,Trânsito
711,2025-04-06 20:32:23,0.0801,9149.97,8459.96,PIX,Confirmado,Abril,C00711,Vinicius Rocha,Nova Iguaçu,RJ,Sudeste,D00711,Same-Day,42.9,2025-04-16 14:49:26,2025-04-21 14:49:26,Atrasado
716,2025-04-03 07:11:20,0.1003,199.6,202.48,Credito,Confirmado,Abril,C00716,Sarah Lopes,Serra,ES,Sudeste,D00716,Standard,22.9,2025-04-20 14:30:50,2025-04-23 14:30:50,Trânsito
717,2025-04-07 19:07:06,0.0962,259.72,277.63,Boleto,Confirmado,Abril,C00717,Levi Porto,Contagem,MG,Sudeste,D00717,Same-Day,42.9,2025-04-25 22:35:25,2025-04-30 22:35:25,A Caminho
723,2025-04-06 23:35:45,0.0499,4316.0,4143.53,Credito,Confirmado,Abril,C00723,Ana Carolina Ramos,Blumenau,SC,Sul,D00723,Same-Day,42.9,2025-04-20 07:53:00,2025-04-23 07:53:00,Entregue
724,2025-02-20 07:10:46,0.022,6506.28,6406.04,Debito,Confirmado,Fevereiro,C00724,Dr. Francisco Araújo,Porto Velho,RO,Norte,D00724,Same-Day,42.9,2025-05-04 13:47:04,2025-05-05 13:47:04,Entregue
725,2025-04-27 21:10:41,0.131,18416.0,16046.4,Boleto,Confirmado,Abril,C00725,Diogo Silveira,Tocantinópolis,TO,Norte,D00725,Same-Day,42.9,2025-05-03 17:22:58,2025-05-05 17:22:58,Entregue
726,2025-03-26 02:07:46,0.0318,129.86,148.63,Boleto,Confirmado,Março,C00726,Luiz Henrique Campos,Imperatriz,MA,Nordeste,D00726,Standard,22.9,2025-05-09 01:00:52,2025-05-11 01:00:52,Trânsito
730,2025-03-11 06:38:41,0.1201,199.6,198.53,Credito,Confirmado,Março,C00730,Sra. Bárbara Costela,Caicó,RN,Nordeste,D00730,Standard,22.9,2025-05-01 00:02:22,2025-05-01 00:02:22,Atrasado
731,2025-05-10 21:00:00,0.0276,199.6,236.99,Debito,Confirmado,Maio,C00731,Lívia da Rocha,Cacoal,RO,Norte,D00731,Same-Day,42.9,2025-05-03 04:21:49,2025-05-05 04:21:49,A Caminho
734,2025-05-07 18:26:11,0.0812,389.58,400.85,Boleto,Confirmado,Maio,C00734,Breno Rocha,Tarauacá,AC,Norte,D00734,Same-Day,42.9,2025-04-29 17:49:23,2025-04-29 17:49:23,Trânsito
736,2025-03-22 08:11:33,0.1033,149.7,157.14,Credito,Confirmado,Março,C00736,Stella da Paz,Tarauacá,AC,Norte,D00736,Standard,22.9,2025-04-28 08:45:58,2025-04-28 08:45:58,Trânsito
737,2025-04-21 19:58:13,0.0001,71.6,104.58,Boleto,Confirmado,Abril,C00737,Camila Rodrigues,Manacapuru,AM,Norte,D00737,Scheduled,32.99,2025-05-01 21:23:23,2025-05-03 21:23:23,Trânsito
739,2025-04-28 08:57:20,0.0649,215.6,244.51,Credito,Confirmado,Abril,C00739,Vicente Fogaça,Santo André,SP,Sudeste,D00739,Same-Day,42.9,2025-04-15 17:51:34,2025-04-19 17:51:34,A Caminho
741,2025-05-01 22:09:25,0.1336,2309.7,2044.02,Debito,Confirmado,Maio,C00741,Milena Almeida,Teresina,PI,Nordeste,D00741,Same-Day,42.9,2025-04-14 15:17:19,2025-04-19 15:17:19,A Caminho
743,2025-05-06 06:46:23,0.0625,4316.0,4069.15,Credito,Confirmado,Maio,C00743,Lorenzo Ribeiro,João Pessoa,PB,Nordeste,D00743,Standard,22.9,2025-04-17 23:20:11,2025-04-19 23:20:11,A Caminho
744,2025-02-18 14:47:48,0.007,1539.8,1562.01,Credito,Confirmado,Fevereiro,C00744,Yasmin Santos,Manacapuru,AM,Norte,D00744,Scheduled,32.99,2025-04-24 00:29:00,2025-04-27 00:29:00,Trânsito
754,2025-03-07 20:13:07,0.0527,2742.13,2620.52,Credito,Confirmado,Março,C00754,Lucca da Cunha,Cascavel,PR,Sul,D00754,Standard,22.9,2025-05-06 17:53:26,2025-05-07 17:53:26,A Caminho
757,2025-03-17 22:11:42,0.0169,857.98,886.38,Credito,Confirmado,Março,C00757,Luiz Fernando da Cunha,Juiz de Fora,MG,Sudeste,D00757,Same-Day,42.9,2025-05-09 13:50:13,2025-05-10 13:50:13,Entregue
759,2025-03-22 00:17:50,0.0039,428.99,470.22,PIX,Confirmado,Março,C00759,Bárbara Silveira,Rio de Janeiro,RJ,Sudeste,D00759,Same-Day,42.9,2025-04-28 06:41:58,2025-04-30 06:41:58,Trânsito
760,2025-03-19 06:39:23,0.0665,389.58,406.57,PIX,Confirmado,Março,C00760,Murilo Monteiro,Currais Novos,RN,Nordeste,D00760,Same-Day,42.9,2025-05-12 00:28:15,2025-05-15 00:28:15,Trânsito
763,2025-02-22 03:16:37,0.0861,9208.0,8438.09,Credito,Confirmado,Fevereiro,C00763,Isadora da Conceição,Caxias do Sul,RS,Sul,D00763,Standard,22.9,2025-04-29 22:30:51,2025-05-01 22:30:51,Atrasado
767,2025-03-12 20:15:06,0.0719,8226.39,7657.81,Debito,Confirmado,Março,C00767,Camila Santos,Cacoal,RO,Norte,D00767,Standard,22.9,2025-04-18 13:53:24,2025-04-20 13:53:24,Atrasado
774,2025-04-01 02:01:10,0.1334,103.6,112.68,PIX,Confirmado,Abril,C00774,Sophia Caldeira,Palmas,TO,Norte,D00774,Standard,22.9,2025-05-04 19:20:16,2025-05-08 19:20:16,Entregue
780,2025-03-06 11:55:34,0.1361,389.58,379.46,Boleto,Confirmado,Março,C00780,Manuela Aragão,Pico,PI,Nordeste,D00780,Same-Day,42.9,2025-05-11 18:04:26,2025-05-14 18:04:26,Atrasado
784,2025-04-30 11:15:35,0.1447,207.2,220.12,PIX,Confirmado,Abril,C00784,Elisa Pires,Porto Nacional,TO,Norte,D00784,Same-Day,42.9,2025-04-15 17:38:40,2025-04-19 17:38:40,Trânsito
785,2025-03-05 22:05:28,0.0042,349.8,371.23,Boleto,Confirmado,Março,C00785,Maria Ramos,Juiz de Fora,MG,Sudeste,D00785,Standard,22.9,2025-05-08 12:42:25,2025-05-12 12:42:25,Trânsito
788,2025-03-22 13:15:11,0.1052,12199.96,10939.42,Debito,Confirmado,Março,C00788,Kamilly Cardoso,São Bernardo do Campo,SP,Sudeste,D00788,Standard,22.9,2025-04-28 13:48:04,2025-05-03 13:48:04,A Caminho
790,2025-04-24 09:25:01,0.0151,5484.26,5424.35,Debito,Confirmado,Abril,C00790,Breno Rezende,Currais Novos,RN,Nordeste,D00790,Standard,22.9,2025-05-04 20:08:56,2025-05-09 20:08:56,Entregue
797,2025-04-10 15:20:35,0.074,199.6,207.73,Boleto,Confirmado,Abril,C00797,Lucas Gabriel Melo,Palmas,TO,Norte,D00797,Standard,22.9,2025-05-13 07:45:25,2025-05-13 07:45:25,A Caminho
802,2025-02-25 11:36:24,0.0852,898.0,844.39,Debito,Confirmado,Fevereiro,C00802,Alice Caldeira,Itajaí,SC,Sul,D00802,Standard,22.9,2025-05-12 10:01:48,2025-05-12 10:01:48,Trânsito
804,2025-04-06 15:28:42,0.1147,663.96,620.79,PIX,Confirmado,Abril,C00804,Sra. Isabella Nunes,Curitiba,PR,Sul,D00804,Scheduled,32.99,2025-05-09 05:29:45,2025-05-10 05:29:45,Entregue
809,2025-03-05 10:23:06,0.04,165.99,182.25,Credito,Confirmado,Março,C00809,Murilo da Mota,São Gonçalo,RJ,Sudeste,D00809,Standard,22.9,2025-04-19 17:46:50,2025-04-21 17:46:50,Trânsito
813,2025-02-28 02:27:38,0.0272,898.0,896.47,Debito,Confirmado,Fevereiro,C00813,Sr. Pedro Henrique Fogaça,Boa Vista,RR,Norte,D00813,Standard,22.9,2025-05-01 09:41:49,2025-05-03 09:41:49,Trânsito
814,2025-04-25 21:42:07,0.0915,129.86,140.88,Credito,Confirmado,Abril,C00814,Bryan Cardoso,Marabá,PA,Norte,D00814,Standard,22.9,2025-04-23 05:48:05,2025-04-27 05:48:05,A Caminho
815,2025-02-25 22:19:56,0.1226,9208.0,8112.09,Debito,Confirmado,Fevereiro,C00815,Calebe Mendes,Itajaí,SC,Sul,D00815,Scheduled,32.99,2025-05-07 20:16:14,2025-05-11 20:16:14,Entregue
822,2025-05-12 23:43:32,0.1489,249.82,235.52,Boleto,Confirmado,Maio,C00822,Elisa Costa,Caracaraí,RR,Norte,D00822,Standard,22.9,2025-04-25 18:02:19,2025-04-28 18:02:19,Atrasado
824,2025-03-04 06:44:41,0.099,6506.28,5895.15,Credito,Confirmado,Março,C00824,Vitor Gabriel Fernandes,Ferreira Gomes,AP,Norte,D00824,Scheduled,32.99,2025-04-24 09:36:58,2025-04-29 09:36:58,A Caminho
825,2025-03-08 03:47:56,0.0622,8226.39,7757.61,Debito,Confirmado,Março,C00825,Pedro Lucas Cunha,Natal,RN,Nordeste,D00825,Same-Day,42.9,2025-04-27 11:27:30,2025-05-01 11:27:30,Atrasado
826,2025-04-09 21:26:13,0.0015,12199.96,12204.56,PIX,Confirmado,Abril,C00826,Fernando Pereira,Contagem,MG,Sudeste,D00826,Standard,22.9,2025-04-21 11:05:08,2025-04-22 11:05:08,Trânsito
832,2025-03-13 07:47:37,0.0739,3598.02,3375.03,Credito,Confirmado,Março,C00832,Luiz Gustavo Rocha,Porto Alegre,RS,Sul,D00832,Same-Day,42.9,2025-04-19 07:56:21,2025-04-22 07:56:21,Atrasado
838,2025-03-20 11:41:48,0.0336,6099.98,5917.92,PIX,Confirmado,Março,C00838,Maria Cecília Pinto,Parintins,AM,Norte,D00838,Standard,22.9,2025-04-13 15:09:52,2025-04-18 15:09:52,A Caminho
839,2025-05-16 07:34:34,0.0762,4879.71,4540.87,Debito,Confirmado,Maio,C00839,Sr. João Guilherme Alves,Joinville,SC,Sul,D00839,Scheduled,32.99,2025-05-04 20:51:29,2025-05-08 20:51:29,Entregue
840,2025-04-13 10:10:27,0.0973,5937.3,5392.59,Boleto,Confirmado,Abril,C00840,Manuela Nogueira,Pelotas,RS,Sul,D00840,Scheduled,32.99,2025-05-11 22:31:01,2025-05-15 22:31:01,Trânsito
847,2025-04-04 06:14:50,0.0031,3216.0,3228.93,Credito,Confirmado,Abril,C00847,Davi Pereira,Tefé,AM,Norte,D00847,Standard,22.9,2025-05-09 22:15:45,2025-05-12 22:15:45,Trânsito
848,2025-05-05 14:26:13,0.0761,5937.3,5508.37,Debito,Confirmado,Maio,C00848,Dr. Luiz Gustavo Nogueira,Rolim de Moura,RO,Norte,D00848,Standard,22.9,2025-04-14 02:03:37,2025-04-19 02:03:37,Trânsito
850,2025-02-17 15:52:44,0.1139,5484.26,4882.5,PIX,Confirmado,Fevereiro,C00850,João Guilherme Silveira,Santo André,SP,Sudeste,D00850,Standard,22.9,2025-04-25 20:35:38,2025-04-25 20:35:38,Atrasado
855,2025-04-20 08:01:54,0.0374,769.9,764.01,Debito,Confirmado,Abril,C00855,Alexandre Peixoto,Caucaia,CE,Nordeste,D00855,Standard,22.9,2025-04-29 02:03:18,2025-05-01 02:03:18,Entregue
856,2025-04-05 14:33:43,0.0859,6099.98,5598.89,Credito,Confirmado,Abril,C00856,Thiago da Cunha,Santa Maria,RS,Sul,D00856,Standard,22.9,2025-04-14 14:07:13,2025-04-18 14:07:13,A Caminho
865,2025-05-17 03:37:13,0.0286,8226.39,8014.02,Debito,Confirmado,Maio,C00865,Noah Monteiro,Jaboatão dos Guararapes,PE,Nordeste,D00865,Standard,22.9,2025-05-06 06:30:11,2025-05-09 06:30:11,Trânsito
874,2025-03-21 05:28:16,0.0175,259.72,298.07,Credito,Confirmado,Março,C00874,Srta. Elisa Jesus,Porto Nacional,TO,Norte,D00874,Same-Day,42.9,2025-05-04 06:55:51,2025-05-07 06:55:51,Trânsito
881,2025-02-20 00:15:24,0.0311,2144.0,2110.31,Credito,Confirmado,Fevereiro,C00881,Enrico Monteiro,Vitória,ES,Sudeste,D00881,Scheduled,32.99,2025-05-03 13:52:48,2025-05-04 13:52:48,Atrasado
882,2025-03-01 19:52:57,0.0933,13812.0,12546.24,Credito,Confirmado,Março,C00882,Pedro Henrique Pinto,Parnaíba,PI,Nordeste,D00882,Standard,22.9,2025-05-11 07:14:40,2025-05-13 07:14:40,A Caminho
886,2025-05-07 15:05:34,0.0088,4316.0,4300.92,Credito,Confirmado,Maio,C00886,Maria Sophia da Cruz,Santa Rita,PB,Nordeste,D00886,Standard,22.9,2025-05-02 08:41:26,2025-05-02 08:41:26,Entregue
889,2025-03-20 08:12:08,0.0425,2144.0,2075.78,Credito,Confirmado,Março,C00889,Breno Freitas,Maringá,PR,Sul,D00889,Standard,22.9,2025-04-22 03:00:19,2025-04-24 03:00:19,Entregue
890,2025-04-26 03:29:14,0.0856,174.9,182.83,PIX,Confirmado,Abril,C00890,João Moreira,Curitiba,PR,Sul,D00890,Standard,22.9,2025-04-20 21:31:32,2025-04-20 21:31:32,Trânsito
894,2025-05-09 05:12:44,0.0101,155.4,196.73,Boleto,Confirmado,Maio,C00894,Heitor Jesus,Marabá,PA,Norte,D00894,Same-Day,42.9,2025-04-28 05:03:47,2025-05-03 05:03:47,Trânsito
908,2025-02-27 13:15:12,0.1291,2742.13,2431.02,Boleto,Confirmado,Fevereiro,C00908,Natália da Cunha,Porto Velho,RO,Norte,D00908,Same-Day,42.9,2025-04-18 20:48:06,2025-04-23 20:48:06,Atrasado
911,2025-04-24 16:35:44,0.1403,349.8,343.62,PIX,Confirmado,Abril,C00911,Henrique Duarte,Ribeirão Preto,SP,Sudeste,D00911,Same-Day,42.9,2025-04-21 14:46:00,2025-04-23 14:46:00,Atrasado
912,2025-02-23 23:46:19,0.1414,7916.4,6830.01,Boleto,Confirmado,Fevereiro,C00912,Juliana Pereira,Ribeirão Preto,SP,Sudeste,D00912,Scheduled,32.99,2025-05-07 00:53:06,2025-05-07 00:53:06,A Caminho
917,2025-03-02 20:11:18,0.0807,3079.6,2873.98,Debito,Confirmado,Março,C00917,Stella Pinto,Vila Velha,ES,Sudeste,D00917,Same-Day,42.9,2025-05-03 09:37:23,2025-05-06 09:37:23,Entregue
919,2025-04-10 07:13:41,0.0358,331.98,363.0,Boleto,Confirmado,Abril,C00919,Dra. Ana Vitória Duarte,Betim,MG,Sudeste,D00919,Same-Day,42.9,2025-05-11 19:59:10,2025-05-15 19:59:10,Atrasado
922,2025-03-22 05:04:05,0.1209,2144.0,1917.78,PIX,Confirmado,Março,C00922,Davi Lucas Pires,Chapecó,SC,Sul,D00922,Scheduled,32.99,2025-04-27 10:46:52,2025-04-27 10:46:52,Entregue
929,2025-02-23 14:26:39,0.0098,3216.0,3217.47,Credito,Confirmado,Fevereiro,C00929,Breno Mendes,Santa Maria,RS,Sul,D00929,Scheduled,32.99,2025-04-28 17:07:26,2025-04-28 17:07:26,Trânsito
938,2025-02-16 21:29:26,0.0679,155.4,167.75,Debito,Confirmado,Fevereiro,C00938,Sr. Caio Santos,Porto Nacional,TO,Norte,D00938,Standard,22.9,2025-04-27 01:22:32,2025-04-29 01:22:32,Trânsito
940,2025-04-12 05:25:49,0.0524,215.6,237.29,PIX,Confirmado,Abril,C00940,Benício Porto,Recife,PE,Nordeste,D00940,Scheduled,32.99,2025-05-05 20:13:34,2025-05-10 20:13:34,Trânsito
946,2025-04-17 00:14:45,0.1222,1979.1,1760.15,PIX,Confirmado,Abril,C00946,Maria Clara Sales,Vilhena,RO,Norte,D00946,Standard,22.9,2025-04-24 14:29:15,2025-04-25 14:29:15,A Caminho
952,2025-03-04 16:54:34,0.0812,497.97,490.52,PIX,Confirmado,Março,C00952,Vitor Hugo da Costa,Parnaíba,PI,Nordeste,D00952,Scheduled,32.99,2025-04-17 01:46:10,2025-04-18 01:46:10,Trânsito
955,2025-04-17 02:39:12,0.0076,3796.0,3790.05,Debito,Confirmado,Abril,C00955,Nicole da Conceição,Curitiba,PR,Sul,D00955,Standard,22.9,2025-04-25 07:07:40,2025-04-30 07:07:40,Trânsito
965,2025-02-19 18:02:30,0.0982,331.98,322.28,Debito,Confirmado,Fevereiro,C00965,Evelyn Campos,Rio Branco,AC,Norte,D00965,Standard,22.9,2025-05-09 03:00:17,2025-05-10 03:00:17,A Caminho
966,2025-04-08 13:38:07,0.017,2144.0,2140.54,Boleto,Confirmado,Abril,C00966,Laura Nunes,Curitiba,PR,Sul,D00966,Scheduled,32.99,2025-04-18 06:20:37,2025-04-19 06:20:37,Entregue
967,2025-02-22 09:10:18,0.0873,1347.0,1252.31,Credito,Confirmado,Fevereiro,C00967,Eduarda Duarte,Propriá,SE,Nordeste,D00967,Standard,22.9,2025-04-25 13:00:08,2025-04-27 13:00:08,Entregue
968,2025-04-23 08:49:45,0.0478,4879.71,4679.45,Boleto,Confirmado,Abril,C00968,João Guilherme Fogaça,Ananindeua,PA,Norte,D00968,Scheduled,32.99,2025-04-19 22:57:58,2025-04-23 22:57:58,A Caminho
981,2025-04-26 15:45:05,0.0417,663.96,669.26,PIX,Confirmado,Abril,C00981,Júlia Cardoso,Natal,RN,Nordeste,D00981,Scheduled,32.99,2025-04-24 20:41:05,2025-04-25 20:41:05,Trânsito
982,2025-03-07 13:03:55,0.0389,3796.0,3671.24,Debito,Confirmado,Março,C00982,Rafaela da Mata,Sena Madureira,AC,Norte,D00982,Standard,22.9,2025-05-16 23:45:13,2025-05-16 23:45:13,Atrasado
983,2025-04-24 03:09:18,0.1018,199.6,202.18,Credito,Confirmado,Abril,C00983,Nicolas Viana,Niterói,RJ,Sudeste,D00983,Standard,22.9,2025-04-15 23:07:06,2025-04-19 23:07:06,A Caminho
986,2025-04-28 14:07:12,0.1327,5937.3,5172.32,Debito,Confirmado,Abril,C00986,Nicolas Porto,Ji-Paraná,RO,Norte,D00986,Standard,22.9,2025-04-28 16:20:44,2025-05-03 16:20:44,A Caminho
987,2025-03-06 13:09:27,0.102,9208.0,8311.68,PIX,Confirmado,Março,C00987,Sr. Lucca Novaes,Caxias do Sul,RS,Sul,D00987,Same-Day,42.9,2025-04-15 02:10:39,2025-04-20 02:10:39,Atrasado
993,2025-03-28 11:32:52,0.0062,3796.0,3815.36,Debito,Confirmado,Março,C00993,Rafaela da Luz,Vila Velha,ES,Sudeste,D00993,Same-Day,42.9,2025-04-14 18:08:17,2025-04-19 18:08:17,A Caminho
1000,2025-03-22 03:16:01,0.1189,1286.97,1156.85,PIX,Confirmado,Março,C01000,Dr. Lucas Gabriel Sales,Niterói,RJ,Sudeste,D01000,Standard,22.9,2025-04-29 11:31:56,2025-05-03 11:31:56,A Caminho
1007,2025-05-06 06:49:06,0.0371,249.82,283.45,Boleto,Confirmado,Maio,C01007,Arthur da Mata,Santa Maria,RS,Sul,D01007,Same-Day,42.9,2025-05-13 06:37:09,2025-05-13 06:37:09,A Caminho
1012,2025-02-27 03:44:07,0.1018,3598.02,3264.73,PIX,Confirmado,Fevereiro,C01012,Sophie da Mota,Ribeirão Preto,SP,Sudeste,D01012,Scheduled,32.99,2025-04-17 00:12:36,2025-04-21 00:12:36,Entregue
1022,2025-03-11 04:52:49,0.048,1798.0,1744.69,Credito,Confirmado,Março,C01022,Esther Ribeiro,Palmas,TO,Norte,D01022,Scheduled,32.99,2025-05-03 12:33:23,2025-05-06 12:33:23,Entregue
1026,2025-04-05 06:25:16,0.0509,3049.99,2917.65,Credito,Confirmado,Abril,C01026,Sra. Maitê Teixeira,Cachoeiro de Itapemirim,ES,Sudeste,D01026,Standard,22.9,2025-05-08 20:07:29,2025-05-09 20:07:29,A Caminho
1028,2025-04-13 18:50:05,0.0254,3079.6,3024.28,PIX,Confirmado,Abril,C01028,Henrique da Mata,Linhares,ES,Sudeste,D01028,Standard,22.9,2025-05-10 02:57:31,2025-05-14 02:57:31,Atrasado
1033,2025-04-05 19:52:02,0.0728,35.8,76.09,PIX,Confirmado,Abril,C01033,Yasmin Gonçalves,Juazeiro,BA,Nordeste,D01033,Same-Day,42.9,2025-05-04 18:18:29,2025-05-06 18:18:29,Entregue
1035,2025-05-03 23:27:50,0.0712,6099.98,5708.56,Boleto,Confirmado,Maio,C01035,Maria Vitória da Rocha,Parnamirim,RN,Nordeste,D01035,Same-Day,42.9,2025-05-07 09:00:10,2025-05-07 09:00:10,Atrasado
1038,2025-05-02 11:26:40,0.0947,1286.97,1198.08,Boleto,Confirmado,Maio,C01038,Dra. Manuela da Rocha,Santana,AP,Norte,D01038,Scheduled,32.99,2025-05-05 00:53:36,2025-05-09 00:53:36,A Caminho
1040,2025-03-01 10:40:30,0.0022,349.8,391.93,PIX,Confirmado,Março,C01040,Yasmin Costela,Pelotas,RS,Sul,D01040,Same-Day,42.9,2025-04-20 19:00:45,2025-04-25 19:00:45,Entregue
1044,2025-05-07 05:13:41,0.1131,149.7,155.67,Debito,Confirmado,Maio,C01044,Eduarda Castro,Betim,MG,Sudeste,D01044,Standard,22.9,2025-05-12 01:40:27,2025-05-13 01:40:27,Atrasado
1045,2025-04-22 11:28:18,0.0769,497.97,502.58,Debito,Confirmado,Abril,C01045,Eduarda Fogaça,Campinas,SP,Sudeste,D01045,Same-Day,42.9,2025-04-30 04:10:53,2025-05-04 04:10:53,Atrasado
1046,2025-03-07 10:16:44,0.0429,4316.0,4173.74,Boleto,Confirmado,Março,C01046,Carolina Silva,São Luís,MA,Nordeste,D01046,Same-Day,42.9,2025-04-30 12:33:48,2025-04-30 12:33:48,A Caminho
1051,2025-03-28 14:47:38,0.1284,3253.14,2858.34,Boleto,Confirmado,Março,C01051,Henrique Vieira,Caicó,RN,Nordeste,D01051,Standard,22.9,2025-05-09 16:33:51,2025-05-13 16:33:51,Trânsito
1067,2025-05-02 06:54:55,0.1054,103.6,135.58,Debito,Confirmado,Maio,C01067,Augusto Oliveira,Lagarto,SE,Nordeste,D01067,Same-Day,42.9,2025-04-26 22:38:03,2025-04-28 22:38:03,A Caminho
1068,2025-04-08 21:10:29,0.0742,99.8,125.38,Debito,Confirmado,Abril,C01068,Sra. Sofia Sales,Porto Alegre,RS,Sul,D01068,Scheduled,32.99,2025-04-27 21:16:40,2025-04-29 21:16:40,A Caminho
1069,2025-05-17 07:22:12,0.0485,1979.1,1906.01,Credito,Confirmado,Maio,C01069,Srta. Agatha Pereira,Laranjal do Jari,AP,Norte,D01069,Standard,22.9,2025-05-10 19:57:57,2025-05-15 19:57:57,Trânsito
1073,2025-02-19 18:41:28,0.0431,898.0,892.29,Credito,Confirmado,Fevereiro,C01073,Srta. Vitória Moraes,Caracaraí,RR,Norte,D01073,Scheduled,32.99,2025-04-21 12:29:10,2025-04-26 12:29:10,Atrasado
1074,2025-04-18 21:06:18,0.0528,1079.0,1055.02,Boleto,Confirmado,Abril,C01074,Luiz Henrique Almeida,Uberlândia,MG,Sudeste,D01074,Scheduled,32.99,2025-05-12 23:41:12,2025-05-12 23:41:12,Trânsito
1076,2025-05-04 02:52:52,0.0817,6099.98,5624.51,PIX,Confirmado,Maio,C01076,Sr. Samuel Teixeira,Sobral,CE,Nordeste,D01076,Standard,22.9,2025-04-22 00:03:56,2025-04-24 00:03:56,A Caminho
1078,2025-03-02 03:53:48,0.1226,155.4,169.34,Debito,Confirmado,Março,C01078,Marcelo Martins,Rio Branco,AC,Norte,D01078,Scheduled,32.99,2025-05-04 02:55:38,2025-05-04 02:55:38,Trânsito
1080,2025-03-10 12:35:54,0.0897,499.64,477.72,Boleto,Confirmado,Março,C01080,Olivia da Cunha,Porto Alegre,RS,Sul,D01080,Standard,22.9,2025-05-03 18:29:02,2025-05-03 18:29:02,A Caminho
1084,2025-04-20 22:35:41,0.1233,2144.0,1922.54,Debito,Confirmado,Abril,C01084,Felipe da Cunha,Tarauacá,AC,Norte,D01084,Same-Day,42.9,2025-04-17 06:08:19,2025-04-18 06:08:19,Entregue
1085,2025-04-20 20:34:25,0.1153,71.6,96.33,Boleto,Confirmado,Abril,C01085,Joana Jesus,Ferreira Gomes,AP,Norte,D01085,Scheduled,32.99,2025-04-27 18:04:43,2025-04-27 18:04:43,A Caminho
1089,2025-03-22 11:38:24,0.1018,259.72,256.18,Debito,Confirmado,Março,C01089,Enzo Gabriel Ramos,Caxias,MA,Nordeste,D01089,Standard,22.9,2025-04-17 01:49:37,2025-04-20 01:49:37,A Caminho
1093,2025-03-08 00:25:04,0.1352,899.0,810.45,Boleto,Confirmado,Março,C01093,Sra. Lara Mendes,Itajaí,SC,Sul,D01093,Scheduled,32.99,2025-05-07 08:13:36,2025-05-09 08:13:36,Entregue
1094,2025-02-16 13:54:24,0.0172,99.8,120.98,Credito,Confirmado,Fevereiro,C01094,Sra. Maria Alice Costela,Sena Madureira,AC,Norte,D01094,Standard,22.9,2025-04-24 17:02:47,2025-04-29 17:02:47,A Caminho
1097,2025-04-18 17:19:22,0.0183,8226.39,8118.75,PIX,Confirmado,Abril,C01097,Gabrielly Santos,Santarém,PA,Norte,D01097,Same-Day,42.9,2025-04-22 18:22:45,2025-04-27 18:22:45,A Caminho
1098,2025-05-17 06:50:45,0.0147,519.44,544.79,PIX,Confirmado,Maio,C01098,Miguel da Paz,Itajaí,SC,Sul,D01098,Scheduled,32.99,2025-04-19 20:24:58,2025-04-20 20:24:58,Atrasado
1101,2025-04-07 00:16:51,0.0853,35.8,65.74,Credito,Confirmado,Abril,C01101,Thiago da Paz,Uberlândia,MG,Sudeste,D01101,Scheduled,32.99,2025-05-04 18:24:09,2025-05-08 18:24:09,A Caminho
1112,2025-03-14 21:37:43,0.016,53.9,86.03,Boleto,Confirmado,Março,C01112,Ana Lívia Gonçalves,Rio Branco,AC,Norte,D01112,Scheduled,32.99,2025-04-27 08:07:40,2025-04-29 08:07:40,Trânsito
1113,2025-03-20 02:52:13,0.0212,2742.13,2726.9,Debito,Confirmado,Março,C01113,Calebe da Rocha,João Pessoa,PB,Nordeste,D01113,Same-Day,42.9,2025-05-04 06:47:00,2025-05-07 06:47:00,Atrasado
1114,2025-03-29 22:12:26,0.1312,249.82,239.94,Boleto,Confirmado,Março,C01114,Maria Luiza Rezende,Maringá,PR,Sul,D01114,Standard,22.9,2025-05-01 22:25:54,2025-05-02 22:25:54,Atrasado
1116,2025-03-31 20:04:01,0.0458,2158.0,2102.06,Debito,Confirmado,Março,C01116,Beatriz da Paz,Teresina,PI,Nordeste,D01116,Same-Day,42.9,2025-04-22 11:07:43,2025-04-22 11:07:43,A Caminho
1120,2025-02-17 02:06:38,0.1228,499.64,461.18,Boleto,Confirmado,Fevereiro,C01120,Sra. Laura da Mata,Florianópolis,SC,Sul,D01120,Standard,22.9,2025-05-03 02:36:16,2025-05-06 02:36:16,Trânsito
1123,2025-03-07 11:37:16,0.1488,3079.6,2644.26,Boleto,Confirmado,Março,C01123,Ian Freitas,Blumenau,SC,Sul,D01123,Standard,22.9,2025-05-07 19:09:09,2025-05-11 19:09:09,A Caminho
1132,2025-03-27 05:18:35,0.0112,103.6,135.43,Debito,Confirmado,Março,C01132,Raquel Nunes,Pico,PI,Nordeste,D01132,Scheduled,32.99,2025-05-03 02:02:39,2025-05-06 02:02:39,A Caminho
1136,2025-03-27 14:35:40,0.0918,1347.0,1256.34,Boleto,Confirmado,Março,C01136,Heitor da Cruz,Rio de Janeiro,RJ,Sudeste,D01136,Scheduled,32.99,2025-04-18 15:17:16,2025-04-21 15:17:16,Trânsito
1137,2025-03-31 14:29:17,0.0963,107.8,130.41,Debito,Confirmado,Março,C01137,Vicente Moreira,Tarauacá,AC,Norte,D01137,Scheduled,32.99,2025-04-27 15:02:29,2025-05-01 15:02:29,A Caminho
1139,2025-03-18 10:31:48,0.0781,99.8,125.0,Credito,Confirmado,Março,C01139,Brenda Campos,Caicó,RN,Nordeste,D01139,Scheduled,32.99,2025-05-09 04:52:40,2025-05-12 04:52:40,Entregue
1147,2025-04-28 03:59:41,0.054,1898.0,1828.5,PIX,Confirmado,Abril,C01147,Pedro Lucas da Cunha,Crato,CE,Nordeste,D01147,Scheduled,32.99,2025-05-02 13:52:19,2025-05-07 13:52:19,Atrasado
1153,2025-04-06 13:02:58,0.0863,124.91,157.03,PIX,Confirmado,Abril,C01153,Maria Clara Novaes,Currais Novos,RN,Nordeste,D01153,Same-Day,42.9,2025-04-20 16:21:52,2025-04-22 16:21:52,Entregue
1155,2025-05-03 19:08:35,0.0632,1798.0,1727.27,Boleto,Confirmado,Maio,C01155,Esther Monteiro,Fortaleza,CE,Nordeste,D01155,Same-Day,42.9,2025-04-24 02:29:36,2025-04-24 02:29:36,Entregue
1157,2025-04-10 15:30:07,0.0421,8226.39,7902.96,Credito,Confirmado,Abril,C01157,Matheus Ribeiro,Curitiba,PR,Sul,D01157,Standard,22.9,2025-05-11 18:47:43,2025-05-14 18:47:43,Trânsito
1159,2025-02-18 08:40:41,0.1345,7916.4,6894.54,Credito,Confirmado,Fevereiro,C01159,Luiza Oliveira,Tefé,AM,Norte,D01159,Same-Day,42.9,2025-04-20 10:54:16,2025-04-25 10:54:16,A Caminho
1160,2025-02-21 14:48:58,0.0976,3596.0,3278.02,PIX,Confirmado,Fevereiro,C01160,Clarice Campos,Curitiba,PR,Sul,D01160,Scheduled,32.99,2025-05-04 03:01:04,2025-05-08 03:01:04,Entregue
1172,2025-04-22 17:20:09,0.1275,124.91,131.88,Credito,Confirmado,Abril,C01172,Breno Carvalho,Caracaraí,RR,Norte,D01172,Standard,22.9,2025-04-19 14:45:04,2025-04-21 14:45:04,A Caminho
1178,2025-04-28 01:42:12,0.1419,174.9,172.98,PIX,Confirmado,Abril,C01178,Rafaela Pereira,Sobral,CE,Nordeste,D01178,Standard,22.9,2025-04-21 04:02:40,2025-04-22 04:02:40,Atrasado
1183,2025-05-16 06:43:47,0.0755,1798.0,1685.15,Credito,Confirmado,Maio,C01183,Maria Vitória Martins,Rio de Janeiro,RJ,Sudeste,D01183,Standard,22.9,2025-05-05 04:55:11,2025-05-05 04:55:11,A Caminho
1186,2025-04-20 06:20:36,0.113,12199.96,10864.26,PIX,Confirmado,Abril,C01186,Thomas Nascimento,São Paulo,SP,Sudeste,D01186,Same-Day,42.9,2025-05-12 12:57:00,2025-05-13 12:57:00,Trânsito
1187,2025-05-16 05:37:33,0.0568,349.8,362.92,Credito,Confirmado,Maio,C01187,Sr. Luiz Gustavo Rezende,Ponta Grossa,PR,Sul,D01187,Scheduled,32.99,2025-05-03 02:59:45,2025-05-03 02:59:45,Entregue
1193,2025-03-28 03:54:51,0.0426,2847.0,2748.62,PIX,Confirmado,Março,C01193,Maria Sophia Cavalcanti,Londrina,PR,Sul,D01193,Standard,22.9,2025-05-05 19:48:14,2025-05-06 19:48:14,Trânsito
1195,2025-05-05 04:11:46,0.0782,129.86,152.69,Debito,Confirmado,Maio,C01195,João Gabriel Campos,Ponta Grossa,PR,Sul,D01195,Scheduled,32.99,2025-04-27 10:51:51,2025-04-30 10:51:51,Atrasado
1197,2025-03-25 19:02:04,0.1381,10968.52,9486.76,Credito,Confirmado,Março,C01197,Esther Castro,Pelotas,RS,Sul,D01197,Scheduled,32.99,2025-04-24 19:39:02,2025-04-29 19:39:02,Atrasado
1202,2025-03-22 15:24:57,0.1245,1626.57,1457.05,PIX,Confirmado,Março,C01202,Dr. João Guilherme da Rosa,Duque de Caxias,RJ,Sudeste,D01202,Scheduled,32.99,2025-04-18 20:34:06,2025-04-23 20:34:06,Entregue
1207,2025-03-12 07:30:56,0.1265,374.73,370.23,PIX,Confirmado,Março,C01207,Fernando Barros,Cascavel,PR,Sul,D01207,Same-Day,42.9,2025-04-15 16:35:01,2025-04-18 16:35:01,A Caminho
1208,2025-04-02 14:26:09,0.0792,9149.97,8448.19,Credito,Confirmado,Abril,C01208,Raul Carvalho,Santana,AP,Norte,D01208,Standard,22.9,2025-04-23 16:42:11,2025-04-28 16:42:11,Atrasado
1210,2025-04-11 00:07:38,0.0378,3596.0,3482.97,PIX,Confirmado,Abril,C01210,Vitor Gabriel Cardoso,Belém,PA,Norte,D01210,Standard,22.9,2025-05-02 23:08:37,2025-05-07 23:08:37,Atrasado
1217,2025-03-21 06:19:52,0.0766,524.7,527.41,Credito,Confirmado,Março,C01217,Kevin Santos,Niterói,RJ,Sudeste,D01217,Same-Day,42.9,2025-04-24 17:21:25,2025-04-25 17:21:25,A Caminho
1222,2025-04-12 05:11:41,0.1082,4604.0,4138.84,PIX,Confirmado,Abril,C01222,Joana Pinto,Florianópolis,SC,Sul,D01222,Scheduled,32.99,2025-04-20 10:38:10,2025-04-25 10:38:10,A Caminho
1235,2025-04-25 19:26:10,0.0765,857.98,815.24,Boleto,Confirmado,Abril,C01235,Letícia Caldeira,João Pessoa,PB,Nordeste,D01235,Standard,22.9,2025-04-20 18:56:48,2025-04-21 18:56:48,Atrasado
1242,2025-03-06 18:53:07,0.0895,9149.97,8364.04,Credito,Confirmado,Março,C01242,Marcos Vinicius da Cunha,Contagem,MG,Sudeste,D01242,Scheduled,32.99,2025-04-19 04:10:06,2025-04-19 04:10:06,A Caminho
1243,2025-02-25 18:44:21,0.1407,71.6,94.52,Credito,Confirmado,Fevereiro,C01243,Eduardo Rocha,Cachoeiro de Itapemirim,ES,Sudeste,D01243,Scheduled,32.99,2025-05-03 10:14:09,2025-05-06 10:14:09,Atrasado
1244,2025-05-03 03:55:01,0.1299,53.9,79.89,Boleto,Confirmado,Maio,C01244,Isadora Silva,Petrolina,PE,Nordeste,D01244,Scheduled,32.99,2025-04-26 06:09:22,2025-05-01 06:09:22,A Caminho
1245,2025-04-01 21:18:40,0.0112,12199.96,12106.22,Debito,Confirmado,Abril,C01245,Rafael Teixeira,Teresina,PI,Nordeste,D01245,Same-Day,42.9,2025-04-25 01:17:55,2025-04-30 01:17:55,A Caminho
1260,2025-04-12 15:05:28,0.0513,17.9,39.88,Credito,Confirmado,Abril,C01260,Srta. Sophie Azevedo,Contagem,MG,Sudeste,D01260,Standard,22.9,2025-04-17 15:10:54,2025-04-20 15:10:54,Entregue
1262,2025-03-04 04:58:31,0.0201,3079.6,3040.6,Credito,Confirmado,Março,C01262,Alícia Vieira,Caicó,RN,Nordeste,D01262,Standard,22.9,2025-04-30 17:09:40,2025-05-04 17:09:40,Entregue
1267,2025-03-11 06:31:00,0.1001,374.73,380.12,Credito,Confirmado,Março,C01267,Beatriz Dias,Rorainópolis,RR,Norte,D01267,Same-Day,42.9,2025-04-27 23:43:15,2025-05-01 23:43:15,Entregue
1274,2025-05-05 22:10:01,0.1351,497.97,473.59,Credito,Confirmado,Maio,C01274,Gabrielly Azevedo,São Bernardo do Campo,SP,Sudeste,D01274,Same-Day,42.9,2025-05-06 21:35:49,2025-05-07 21:35:49,Trânsito
1278,2025-05-03 08:55:04,0.0321,1979.1,1938.47,Debito,Confirmado,Maio,C01278,Sophia Gomes,Juazeiro do Norte,CE,Nordeste,D01278,Standard,22.9,2025-04-22 03:02:50,2025-04-22 03:02:50,Atrasado
1289,2025-05-15 05:58:08,0.1411,2309.7,2016.79,Boleto,Confirmado,Maio,C01289,Ana Júlia Ramos,Rolim de Moura,RO,Norte,D01289,Scheduled,32.99,2025-05-12 10:22:06,2025-05-17 10:22:06,Entregue
1292,2025-03-23 07:02:41,0.1031,1898.0,1735.31,Boleto,Confirmado,Março,C01292,Carlos Eduardo Melo,Petrolina,PE,Nordeste,D01292,Scheduled,32.99,2025-04-25 16:09:57,2025-04-30 16:09:57,A Caminho
1295,2025-05-16 18:35:33,0.0843,428.99,435.73,Boleto,Confirmado,Maio,C01295,Milena Gonçalves,Ponta Grossa,PR,Sul,D01295,Same-Day,42.9,2025-04-20 12:47:47,2025-04-21 12:47:47,Entregue
1296,2025-04-29 12:06:25,0.1065,53.7,80.97,Credito,Confirmado,Abril,C01296,Dr. Bryan Caldeira,Uberlândia,MG,Sudeste,D01296,Scheduled,32.99,2025-04-20 04:12:59,2025-04-25 04:12:59,Entregue
1307,2025-04-13 09:01:57,0.0797,161.7,171.71,Debito,Confirmado,Abril,C01307,Lucas Castro,Araguaína,TO,Norte,D01307,Standard,22.9,2025-05-02 08:14:51,2025-05-06 08:14:51,A Caminho
1313,2025-03-06 10:35:05,0.0077,161.7,183.35,Boleto,Confirmado,Março,C01313,Vitor Hugo Caldeira,Itajaí,SC,Sul,D01313,Standard,22.9,2025-05-04 23:46:25,2025-05-06 23:46:25,Trânsito
1317,2025-03-15 06:32:25,0.1095,3796.0,3423.24,Boleto,Confirmado,Março,C01317,Dr. Lucca Farias,Itajaí,SC,Sul,D01317,Same-Day,42.9,2025-04-29 14:03:51,2025-05-03 14:03:51,A Caminho
1330,2025-02-26 14:57:28,0.0756,428.99,439.46,Boleto,Confirmado,Fevereiro,C01330,Bárbara Dias,Juiz de Fora,MG,Sudeste,D01330,Same-Day,42.9,2025-04-20 11:28:05,2025-04-25 11:28:05,A Caminho
1334,2025-05-13 20:27:01,0.1278,663.96,622.01,PIX,Confirmado,Maio,C01334,Srta. Brenda Duarte,Itajaí,SC,Sul,D01334,Same-Day,42.9,2025-04-26 05:15:05,2025-04-27 05:15:05,Trânsito
1335,2025-04-14 12:15:43,0.1261,1715.96,1532.57,PIX,Confirmado,Abril,C01335,Sra. Emanuelly da Costa,Porto Nacional,TO,Norte,D01335,Scheduled,32.99,2025-04-27 14:27:22,2025-04-27 14:27:22,Trânsito
1339,2025-03-31 08:29:03,0.0622,389.58,388.25,Debito,Confirmado,Março,C01339,Ryan Teixeira,Rolim de Moura,RO,Norte,D01339,Standard,22.9,2025-05-02 06:02:08,2025-05-03 06:02:08,Atrasado
1342,2025-04-04 19:20:54,0.1124,898.0,819.96,Debito,Confirmado,Abril,C01342,Yasmin Costa,Rio de Janeiro,RJ,Sudeste,D01342,Standard,22.9,2025-05-10 00:44:48,2025-05-11 00:44:48,Atrasado
1347,2025-04-08 08:09:08,0.0566,3237.0,3086.78,Boleto,Confirmado,Abril,C01347,Luiza Azevedo,Nova Iguaçu,RJ,Sudeste,D01347,Scheduled,32.99,2025-04-22 03:31:15,2025-04-23 03:31:15,Atrasado
1354,2025-03-03 13:38:21,0.052,3958.2,3795.27,PIX,Confirmado,Março,C01354,Marcela Pires,Cascavel,PR,Sul,D01354,Same-Day,42.9,2025-05-07 01:21:28,2025-05-08 01:21:28,Entregue
1357,2025-03-26 07:11:16,0.1051,99.8,132.21,Boleto,Confirmado,Março,C01357,Evelyn Ramos,Aracaju,SE,Nordeste,D01357,Same-Day,42.9,2025-05-06 08:52:28,2025-05-08 08:52:28,Atrasado
1363,2025-04-08 14:41:57,0.0573,199.6,211.06,Credito,Confirmado,Abril,C01363,Pietro Monteiro,Caruaru,PE,Nordeste,D01363,Standard,22.9,2025-04-29 03:50:45,2025-04-30 03:50:45,Trânsito
1367,2025-03-21 15:01:54,0.1296,207.2,213.34,Credito,Confirmado,Março,C01367,Letícia da Luz,Campina Grande,PB,Nordeste,D01367,Scheduled,32.99,2025-04-20 02:51:03,2025-04-23 02:51:03,Trânsito
1370,2025-02-19 12:55:29,0.0686,53.7,92.92,Boleto,Confirmado,Fevereiro,C01370,Yasmin da Rocha,Ribeirão Preto,SP,Sudeste,D01370,Same-Day,42.9,2025-04-13 22:10:12,2025-04-17 22:10:12,Atrasado
1372,2025-02-26 20:13:28,0.0401,1796.0,1766.88,Credito,Confirmado,Fevereiro,C01372,Stella Moraes,São Paulo,SP,Sudeste,D01372,Same-Day,42.9,2025-05-08 01:57:32,2025-05-11 01:57:32,A Caminho
1374,2025-04-19 17:05:33,0.0497,1796.0,1729.64,Boleto,Confirmado,Abril,C01374,Thiago Correia,Salvador,BA,Nordeste,D01374,Standard,22.9,2025-04-29 14:28:50,2025-04-29 14:28:50,Atrasado
1375,2025-03-08 00:33:32,0.0743,9208.0,8546.75,PIX,Confirmado,Março,C01375,Sophie Oliveira,Olinda,PE,Nordeste,D01375,Standard,22.9,2025-05-10 07:46:58,2025-05-14 07:46:58,Atrasado
1379,2025-04-28 17:47:36,0.0551,499.64,515.01,PIX,Confirmado,Abril,C01379,Sr. Luiz Miguel Duarte,Cascavel,PR,Sul,D01379,Same-Day,42.9,2025-04-21 06:21:47,2025-04-21 06:21:47,Atrasado
1384,2025-04-08 19:46:51,0.0101,1286.97,1306.96,Debito,Confirmado,Abril,C01384,Kaique das Neves,Nossa Senhora,SE,Nordeste,D01384,Scheduled,32.99,2025-04-26 21:28:50,2025-04-30 21:28:50,Entregue
1387,2025-03-18 08:07:16,0.1055,9208.0,8269.55,Debito,Confirmado,Março,C01387,Noah Oliveira,Santana,AP,Norte,D01387,Scheduled,32.99,2025-05-09 03:34:27,2025-05-11 03:34:27,Trânsito
1389,2025-04-23 08:54:26,0.049,699.6,698.31,Debito,Confirmado,Abril,C01389,Lucas Silva,Gravataí,RS,Sul,D01389,Scheduled,32.99,2025-04-29 22:08:12,2025-05-01 22:08:12,Trânsito
1391,2025-03-24 22:58:49,0.034,5397.03,5236.43,PIX,Confirmado,Março,C01391,Dra. Gabriela Vieira,Serra,ES,Sudeste,D01391,Standard,22.9,2025-04-22 23:23:52,2025-04-22 23:23:52,A Caminho
1395,2025-04-14 13:07:46,0.0023,2309.7,2337.38,Credito,Confirmado,Abril,C01395,Sr. Bryan Castro,Ribeirão Preto,SP,Sudeste,D01395,Scheduled,32.99,2025-04-18 13:30:19,2025-04-20 13:30:19,Atrasado
1399,2025-05-01 02:52:42,0.1058,1347.0,1247.39,PIX,Confirmado,Maio,C01399,Pietra Peixoto,Currais Novos,RN,Nordeste,D01399,Same-Day,42.9,2025-04-15 18:20:57,2025-04-18 18:20:57,Trânsito
1401,2025-03-01 09:18:22,0.0666,2742.13,2582.4,Boleto,Confirmado,Março,C01401,Cauã da Mota,Patos,PB,Nordeste,D01401,Standard,22.9,2025-05-16 03:01:37,2025-05-17 03:01:37,Atrasado
1413,2025-04-17 12:51:51,0.0213,2309.7,2303.4,Boleto,Confirmado,Abril,C01413,Eduardo Pires,Santa Rita,PB,Nordeste,D01413,Same-Day,42.9,2025-04-26 15:58:46,2025-04-28 15:58:46,Entregue
1417,2025-04-15 12:55:48,0.1195,374.73,362.94,Credito,Confirmado,Abril,C01417,Emilly Rodrigues,Vitória,ES,Sudeste,D01417,Scheduled,32.99,2025-04-28 04:37:11,2025-04-29 04:37:11,A Caminho
1425,2025-04-15 06:00:35,0.0364,3958.2,3837.02,Boleto,Confirmado,Abril,C01425,Lucca Ramos,Tocantinópolis,TO,Norte,D01425,Standard,22.9,2025-05-14 03:32:41,2025-05-14 03:32:41,A Caminho
1427,2025-02-28 13:42:17,0.0899,1979.1,1824.08,PIX,Confirmado,Fevereiro,C01427,Theo Caldeira,Serra,ES,Sudeste,D01427,Standard,22.9,2025-04-28 23:37:19,2025-04-29 23:37:19,Entregue
1434,2025-04-10 21:45:46,0.0627,155.4,188.56,PIX,Confirmado,Abril,C01434,Clara Gomes,Fortaleza,CE,Nordeste,D01434,Same-Day,42.9,2025-05-02 13:06:04,2025-05-02 13:06:04,Atrasado
1436,2025-03-25 11:22:10,0.0525,3049.99,2922.86,Debito,Confirmado,Março,C01436,Juliana Barbosa,Chapecó,SC,Sul,D01436,Scheduled,32.99,2025-05-04 01:50:13,2025-05-06 01:50:13,Entregue
1437,2025-03-21 11:27:51,0.0369,1715.96,1675.54,Boleto,Confirmado,Março,C01437,Pietra Duarte,Parintins,AM,Norte,D01437,Standard,22.9,2025-04-27 19:33:55,2025-04-29 19:33:55,Trânsito
1438,2025-05-02 16:51:18,0.0343,349.8,360.7,Boleto,Confirmado,Maio,C01438,Srta. Luna Moraes,Betim,MG,Sudeste,D01438,Standard,22.9,2025-05-14 03:44:16,2025-05-14 03:44:16,Trânsito
1439,2025-05-16 04:53:57,0.0424,107.8,126.13,Boleto,Confirmado,Maio,C01439,Maria Clara Dias,Imperatriz,MA,Nordeste,D01439,Standard,22.9,2025-05-02 14:38:11,2025-05-07 14:38:11,Atrasado
1440,2025-05-02 02:03:08,0.0271,129.86,149.24,Boleto,Confirmado,Maio,C01440,Emilly Cavalcanti,Olinda,PE,Nordeste,D01440,Standard,22.9,2025-04-21 12:18:19,2025-04-23 12:18:19,Entregue
1450,2025-04-15 23:22:50,0.0485,129.86,146.46,Credito,Confirmado,Abril,C01450,Leonardo Araújo,Nova Iguaçu,RJ,Sudeste,D01450,Standard,22.9,2025-05-11 01:53:53,2025-05-11 01:53:53,A Caminho
1452,2025-05-02 07:30:54,0.1337,4316.0,3761.85,Boleto,Confirmado,Maio,C01452,Sarah Melo,Curitiba,PR,Sul,D01452,Standard,22.9,2025-05-09 14:57:19,2025-05-13 14:57:19,A Caminho
1458,2025-03-15 10:32:52,0.1412,35.8,63.74,Credito,Confirmado,Março,C01458,Davi Carvalho,Ferreira Gomes,AP,Norte,D01458,Scheduled,32.99,2025-04-18 15:15:43,2025-04-22 15:15:43,Atrasado
1462,2025-03-21 06:15:48,0.0991,5484.26,4973.76,Debito,Confirmado,Março,C01462,Guilherme da Cunha,Tocantinópolis,TO,Norte,D01462,Scheduled,32.99,2025-05-04 12:21:41,2025-05-08 12:21:41,Trânsito
1467,2025-03-28 09:58:48,0.0281,3796.0,3722.32,PIX,Confirmado,Março,C01467,Lívia Teixeira,Campinas,SP,Sudeste,D01467,Scheduled,32.99,2025-05-03 10:38:40,2025-05-08 10:38:40,Trânsito
1475,2025-04-16 23:12:04,0.0218,9208.0,9050.17,Debito,Confirmado,Abril,C01475,Francisco Ribeiro,Juazeiro do Norte,CE,Nordeste,D01475,Same-Day,42.9,2025-05-08 13:02:38,2025-05-10 13:02:38,Trânsito
1477,2025-03-17 10:13:20,0.1403,5397.03,4682.73,Credito,Confirmado,Março,C01477,Enrico Castro,Floriano,PI,Nordeste,D01477,Same-Day,42.9,2025-04-19 16:18:54,2025-04-20 16:18:54,Atrasado
1478,2025-04-18 00:54:21,0.0713,1799.01,1693.64,Debito,Confirmado,Abril,C01478,Mariana Melo,Porto Alegre,RS,Sul,D01478,Standard,22.9,2025-04-20 06:20:19,2025-04-25 06:20:19,A Caminho
1479,2025-04-07 09:51:03,0.0096,51.8,84.29,Credito,Confirmado,Abril,C01479,Elisa Moura,Caracaraí,RR,Norte,D01479,Scheduled,32.99,2025-05-06 14:08:03,2025-05-07 14:08:03,Atrasado
1486,2025-05-14 14:21:06,0.1366,497.97,472.85,Debito,Confirmado,Maio,C01486,Rafaela Campos,Gravataí,RS,Sul,D01486,Same-Day,42.9,2025-04-19 01:43:38,2025-04-21 01:43:38,Atrasado
1488,2025-04-18 15:23:43,0.0944,2847.0,2611.23,Credito,Confirmado,Abril,C01488,Enzo Gabriel Costa,Londrina,PR,Sul,D01488,Scheduled,32.99,2025-05-06 12:31:01,2025-05-07 12:31:01,Atrasado
1498,2025-04-21 01:55:44,0.0325,124.91,143.75,Credito,Confirmado,Abril,C01498,Juan Araújo,Bacabal,MA,Nordeste,D01498,Standard,22.9,2025-05-12 19:34:30,2025-05-15 19:34:30,A Caminho
1499,2025-05-05 12:36:18,0.0637,1079.0,1043.26,Credito,Confirmado,Maio,C01499,Noah Rodrigues,Ji-Paraná,RO,Norte,D01499,Scheduled,32.99,2025-04-17 15:14:07,2025-04-18 15:14:07,A Caminho
1502,2025-05-11 21:42:39,0.1496,449.0,404.73,PIX,Confirmado,Maio,C01502,Cauê Jesus,Caracaraí,RR,Norte,D01502,Standard,22.9,2025-04-20 18:11:35,2025-04-22 18:11:35,A Caminho
1504,2025-04-17 15:41:12,0.058,207.2,218.08,Credito,Confirmado,Abril,C01504,Pedro Miguel Caldeira,Caxias do Sul,RS,Sul,D01504,Standard,22.9,2025-05-02 05:49:18,2025-05-03 05:49:18,Trânsito
1509,2025-02-26 07:38:51,0.0335,1626.57,1605.07,Credito,Confirmado,Fevereiro,C01509,Sra. Marina Araújo,Mazagão,AP,Norte,D01509,Scheduled,32.99,2025-05-07 03:46:21,2025-05-10 03:46:21,Trânsito
1512,2025-03-10 16:36:13,0.1108,4604.0,4126.87,Debito,Confirmado,Março,C01512,Sophia Nascimento,Cascavel,PR,Sul,D01512,Scheduled,32.99,2025-04-19 08:31:15,2025-04-20 08:31:15,Trânsito
1516,2025-02-25 06:17:42,0.0136,5484.26,5432.57,PIX,Confirmado,Fevereiro,C01516,Luana Rezende,Camaçari,BA,Nordeste,D01516,Standard,22.9,2025-04-18 14:32:48,2025-04-20 14:32:48,Atrasado
1523,2025-03-08 05:21:54,0.0404,2144.0,2080.28,Boleto,Confirmado,Março,C01523,Ana Vitória Costela,Caxias do Sul,RS,Sul,D01523,Standard,22.9,2025-05-04 12:50:22,2025-05-05 12:50:22,Trânsito
1532,2025-04-28 06:23:11,0.0328,1072.0,1059.74,Credito,Confirmado,Abril,C01532,Ana Novaes,Chapecó,SC,Sul,D01532,Standard,22.9,2025-04-26 01:41:44,2025-04-30 01:41:44,A Caminho
1533,2025-03-13 12:50:09,0.0882,99.8,113.9,PIX,Confirmado,Março,C01533,Ana Beatriz Costela,Maringá,PR,Sul,D01533,Standard,22.9,2025-05-12 04:53:51,2025-05-15 04:53:51,Atrasado
1540,2025-02-25 19:03:07,0.1343,4288.0,3735.02,PIX,Confirmado,Fevereiro,C01540,Caio Cavalcanti,Mazagão,AP,Norte,D01540,Standard,22.9,2025-04-20 10:05:22,2025-04-25 10:05:22,A Caminho
1541,2025-05-16 16:34:06,0.1425,2742.13,2384.37,Debito,Confirmado,Maio,C01541,Dr. Joaquim Rocha,Palmas,TO,Norte,D01541,Scheduled,32.99,2025-05-12 23:29:31,2025-05-13 23:29:31,Entregue
1549,2025-05-11 01:31:29,0.1427,4316.0,3743.01,PIX,Confirmado,Maio,C01549,Luiza Lopes,Olinda,PE,Nordeste,D01549,Same-Day,42.9,2025-04-12 13:52:42,2025-04-17 13:52:42,Atrasado
1556,2025-03-16 23:15:08,0.116,161.7,185.84,Credito,Confirmado,Março,C01556,Fernando Ramos,Boa Vista,RR,Norte,D01556,Same-Day,42.9,2025-05-16 16:48:58,2025-05-16 16:48:58,A Caminho
1569,2025-04-28 01:05:13,0.0697,857.98,841.08,Debito,Confirmado,Abril,C01569,Luiz Felipe Porto,Ananindeua,PA,Norte,D01569,Same-Day,42.9,2025-05-09 19:27:41,2025-05-13 19:27:41,Trânsito
1572,2025-03-19 22:01:07,0.0491,1799.01,1733.58,Debito,Confirmado,Março,C01572,Daniela Peixoto,Recife,PE,Nordeste,D01572,Standard,22.9,2025-04-20 22:42:55,2025-04-20 22:42:55,A Caminho
1573,2025-05-15 09:57:41,0.0503,1286.97,1245.14,Credito,Confirmado,Maio,C01573,Srta. Ana Laura Oliveira,Blumenau,SC,Sul,D01573,Standard,22.9,2025-05-13 22:20:01,2025-05-13 22:20:01,Entregue
1575,2025-04-07 05:52:35,0.0245,107.8,148.06,PIX,Confirmado,Abril,C01575,Alana Novaes,Pelotas,RS,Sul,D01575,Same-Day,42.9,2025-04-27 04:34:02,2025-04-28 04:34:02,Atrasado
1583,2025-03-13 20:09:18,0.0041,3049.99,3080.39,Debito,Confirmado,Março,C01583,Alice Costela,Porto Nacional,TO,Norte,D01583,Same-Day,42.9,2025-05-01 12:21:55,2025-05-05 12:21:55,Atrasado
1585,2025-03-24 02:09:08,0.1225,5937.3,5232.88,Credito,Confirmado,Março,C01585,Ana Lívia Ramos,Campinas,SP,Sudeste,D01585,Standard,22.9,2025-05-07 09:02:19,2025-05-09 09:02:19,Trânsito
1606,2025-04-03 08:13:56,0.0391,3237.0,3143.42,PIX,Confirmado,Abril,C01606,Isabel da Luz,Aracaju,SE,Nordeste,D01606,Scheduled,32.99,2025-04-14 23:20:44,2025-04-17 23:20:44,A Caminho
1615,2025-04-02 16:41:21,0.112,699.6,664.14,Debito,Confirmado,Abril,C01615,Juliana Costela,Rio de Janeiro,RJ,Sudeste,D01615,Same-Day,42.9,2025-05-12 15:11:01,2025-05-13 15:11:01,A Caminho
1625,2025-04-18 09:55:02,0.1079,107.8,129.16,Debito,Confirmado,Abril,C01625,Srta. Ana Julia Viana,São Gonçalo,RJ,Sudeste,D01625,Scheduled,32.99,2025-05-08 03:52:34,2025-05-08 03:52:34,Entregue
1633,2025-03-21 11:52:33,0.1131,1796.0,1635.77,Debito,Confirmado,Março,C01633,Maria Clara da Mota,Florianópolis,SC,Sul,D01633,Same-Day,42.9,2025-05-05 02:14:00,2025-05-08 02:14:00,Trânsito
1634,2025-02-20 18:55:39,0.0354,103.6,132.92,PIX,Confirmado,Fevereiro,C01634,Bruno Silva,Porto Nacional,TO,Norte,D01634,Scheduled,32.99,2025-05-02 14:53:55,2025-05-04 14:53:55,Entregue
1636,2025-02-22 01:55:08,0.0596,165.99,189.09,Credito,Confirmado,Fevereiro,C01636,Julia da Cruz,Sobral,CE,Nordeste,D01636,Scheduled,32.99,2025-05-13 09:28:58,2025-05-15 09:28:58,Atrasado
1638,2025-04-07 18:10:09,0.0254,524.7,554.27,Debito,Confirmado,Abril,C01638,Dra. Agatha Moreira,Campinas,SP,Sudeste,D01638,Same-Day,42.9,2025-04-28 10:28:34,2025-05-01 10:28:34,Atrasado
1640,2025-03-31 01:01:03,0.0284,53.7,95.07,Boleto,Confirmado,Março,C01640,Vicente Ramos,Caracaraí,RR,Norte,D01640,Same-Day,42.9,2025-05-14 16:25:24,2025-05-15 16:25:24,Trânsito
1641,2025-03-24 09:28:56,0.1019,519.44,489.41,Boleto,Confirmado,Março,C01641,Srta. Emilly Castro,Santo André,SP,Sudeste,D01641,Standard,22.9,2025-04-30 18:48:06,2025-04-30 18:48:06,Atrasado
1645,2025-03-09 23:11:42,0.0294,1626.57,1611.74,PIX,Confirmado,Março,C01645,Sr. Antônio Novaes,Duque de Caxias,RJ,Sudeste,D01645,Scheduled,32.99,2025-05-02 16:26:23,2025-05-05 16:26:23,Entregue
1646,2025-04-29 10:33:17,0.059,2158.0,2073.58,Credito,Confirmado,Abril,C01646,Sra. Olivia Pereira,Sobral,CE,Nordeste,D01646,Same-Day,42.9,2025-05-02 22:40:00,2025-05-06 22:40:00,Entregue
1649,2025-05-13 17:01:11,0.0523,1539.8,1492.26,PIX,Confirmado,Maio,C01649,Nathan Castro,Brasiléia,AC,Norte,D01649,Scheduled,32.99,2025-04-23 07:10:03,2025-04-24 07:10:03,Entregue
1650,2025-03-23 20:39:01,0.0495,13812.0,13161.3,Credito,Confirmado,Março,C01650,Dr. Yuri Duarte,Pico,PI,Nordeste,D01650,Scheduled,32.99,2025-05-06 06:10:25,2025-05-06 06:10:25,Atrasado
1657,2025-03-27 05:39:52,0.1234,1796.0,1617.27,Credito,Confirmado,Março,C01657,Vicente Souza,Caicó,RN,Nordeste,D01657,Same-Day,42.9,2025-04-27 02:03:25,2025-04-30 02:03:25,Trânsito
1659,2025-02-24 19:00:21,0.0187,17.9,40.47,Debito,Confirmado,Fevereiro,C01659,Diogo Santos,Joinville,SC,Sul,D01659,Standard,22.9,2025-05-13 00:51:11,2025-05-13 00:51:11,A Caminho
1661,2025-04-21 22:16:33,0.1409,13812.0,11898.88,Credito,Confirmado,Abril,C01661,Eduarda Cardoso,Campinas,SP,Sudeste,D01661,Scheduled,32.99,2025-05-03 18:21:46,2025-05-05 18:21:46,A Caminho
1667,2025-03-28 15:00:09,0.1386,1796.0,1569.97,PIX,Confirmado,Março,C01667,Camila Aragão,Macapá,AP,Norte,D01667,Standard,22.9,2025-05-06 06:53:30,2025-05-06 06:53:30,Entregue
1672,2025-05-15 12:34:27,0.0628,165.99,198.47,PIX,Confirmado,Maio,C01672,Yasmin Lopes,São Bernardo do Campo,SP,Sudeste,D01672,Same-Day,42.9,2025-05-09 13:52:12,2025-05-13 13:52:12,Entregue
1675,2025-02-18 09:35:10,0.1131,1979.1,1788.25,PIX,Confirmado,Fevereiro,C01675,Esther Vieira,Vitória da Conquista,BA,Nordeste,D01675,Scheduled,32.99,2025-04-24 00:17:39,2025-04-29 00:17:39,Atrasado
1677,2025-03-06 11:53:33,0.0785,519.44,501.56,Boleto,Confirmado,Março,C01677,Matheus Ribeiro,Londrina,PR,Sul,D01677,Standard,22.9,2025-04-29 01:04:11,2025-05-02 01:04:11,Atrasado
1679,2025-03-03 11:23:20,0.044,3598.02,3472.7,Debito,Confirmado,Março,C01679,Amanda Araújo,Araguaína,TO,Norte,D01679,Scheduled,32.99,2025-05-12 15:47:22,2025-05-16 15:47:22,Trânsito
1680,2025-04-23 01:16:02,0.0388,7196.04,6949.82,Boleto,Confirmado,Abril,C01680,Bernardo Farias,Caxias do Sul,RS,Sul,D01680,Scheduled,32.99,2025-05-01 03:46:03,2025-05-02 03:46:03,Entregue
1681,2025-03-03 23:44:55,0.1258,161.7,184.26,Credito,Confirmado,Março,C01681,Júlia Oliveira,Mazagão,AP,Norte,D01681,Same-Day,42.9,2025-04-26 06:18:14,2025-04-30 06:18:14,Trânsito
1685,2025-03-18 23:47:48,0.0748,331.98,340.14,Debito,Confirmado,Março,C01685,Sr. Noah Rocha,Manacapuru,AM,Norte,D01685,Scheduled,32.99,2025-05-02 23:36:41,2025-05-03 23:36:41,A Caminho
1686,2025-03-28 13:43:31,0.0351,53.9,94.91,PIX,Confirmado,Março,C01686,Davi Luiz Monteiro,Juiz de Fora,MG,Sudeste,D01686,Same-Day,42.9,2025-05-11 15:23:55,2025-05-15 15:23:55,Trânsito
1696,2025-03-18 15:17:18,0.1276,331.98,322.61,Boleto,Confirmado,Março,C01696,Samuel Rocha,Vitória,ES,Sudeste,D01696,Scheduled,32.99,2025-05-05 12:13:14,2025-05-10 12:13:14,Entregue
1698,2025-04-11 05:26:41,0.0464,5397.03,5169.51,PIX,Confirmado,Abril,C01698,Matheus Ferreira,Nossa Senhora,SE,Nordeste,D01698,Standard,22.9,2025-04-22 11:23:39,2025-04-22 11:23:39,Trânsito
1706,2025-05-17 03:29:10,0.0928,1898.0,1754.86,PIX,Confirmado,Maio,C01706,Mariane Pinto,Crato,CE,Nordeste,D01706,Scheduled,32.99,2025-04-26 22:01:53,2025-04-29 22:01:53,Entregue
1710,2025-03-11 18:37:08,0.1195,2847.0,2549.68,PIX,Confirmado,Março,C01710,Letícia Correia,Joinville,SC,Sul,D01710,Same-Day,42.9,2025-05-02 12:12:34,2025-05-04 12:12:34,Atrasado
1719,2025-05-01 20:42:32,0.0544,499.64,495.36,Credito,Confirmado,Maio,C01719,Diego Costela,Ananindeua,PA,Norte,D01719,Standard,22.9,2025-04-19 15:05:49,2025-04-24 15:05:49,Entregue
1725,2025-04-26 20:47:09,0.0782,524.7,526.57,Boleto,Confirmado,Abril,C01725,Srta. Ana Vitória Melo,Florianópolis,SC,Sul,D01725,Same-Day,42.9,2025-04-25 03:06:40,2025-04-27 03:06:40,A Caminho
1729,2025-03-11 05:17:55,0.1365,497.97,452.9,PIX,Confirmado,Março,C01729,Diogo Nascimento,Vila Velha,ES,Sudeste,D01729,Standard,22.9,2025-04-23 05:19:43,2025-04-27 05:19:43,Trânsito
1732,2025-04-08 09:56:56,0.0932,1979.1,1827.64,PIX,Confirmado,Abril,C01732,Maitê Teixeira,Bacabal,MA,Nordeste,D01732,Scheduled,32.99,2025-05-06 08:07:19,2025-05-11 08:07:19,Atrasado
1739,2025-04-21 21:14:00,0.1237,3216.0,2841.08,Debito,Confirmado,Abril,C01739,Amanda Sales,Itajaí,SC,Sul,D01739,Standard,22.9,2025-04-16 01:21:26,2025-04-19 01:21:26,Trânsito
1744,2025-02-23 11:53:33,0.0059,1626.57,1649.96,Credito,Confirmado,Fevereiro,C01744,Davi Lucas Silva,Linhares,ES,Sudeste,D01744,Scheduled,32.99,2025-04-27 22:39:53,2025-04-27 22:39:53,Entregue
1746,2025-03-16 13:39:53,0.0151,53.7,75.79,PIX,Confirmado,Março,C01746,Nicolas Pires,Contagem,MG,Sudeste,D01746,Standard,22.9,2025-04-22 11:25:57,2025-04-27 11:25:57,Entregue
1748,2025-03-30 01:28:32,0.0369,1796.0,1752.63,PIX,Confirmado,Março,C01748,Emanuella Alves,Fortaleza,CE,Nordeste,D01748,Standard,22.9,2025-05-13 00:03:04,2025-05-14 00:03:04,Atrasado
1749,2025-04-29 07:58:33,0.1113,174.9,178.33,PIX,Confirmado,Abril,C01749,Sra. Emanuella Gonçalves,Caxias do Sul,RS,Sul,D01749,Standard,22.9,2025-04-17 20:35:00,2025-04-18 20:35:00,Trânsito
1750,2025-05-09 20:05:40,0.0859,6099.98,5598.89,Credito,Confirmado,Maio,C01750,Maria Vitória Nogueira,Jaboatão dos Guararapes,PE,Nordeste,D01750,Standard,22.9,2025-04-21 13:46:53,2025-04-23 13:46:53,Atrasado
1761,2025-03-20 19:18:51,0.1238,215.6,231.81,Boleto,Confirmado,Março,C01761,Camila da Conceição,Mucajaí,RR,Norte,D01761,Same-Day,42.9,2025-04-27 17:00:10,2025-05-01 17:00:10,Atrasado
1762,2025-04-14 20:37:10,0.0761,949.0,909.77,Credito,Confirmado,Abril,C01762,Ana Júlia Moura,Tefé,AM,Norte,D01762,Scheduled,32.99,2025-05-09 04:56:07,2025-05-14 04:56:07,Entregue
1771,2025-05-02 18:52:32,0.1302,1798.0,1606.8,Credito,Confirmado,Maio,C01771,Eloah da Mota,Porto Alegre,RS,Sul,D01771,Same-Day,42.9,2025-05-08 13:37:41,2025-05-11 13:37:41,Entregue
1776,2025-03-27 15:41:52,0.0434,49.9,80.72,PIX,Confirmado,Março,C01776,Gustavo Melo,Manacapuru,AM,Norte,D01776,Scheduled,32.99,2025-04-15 10:39:08,2025-04-19 10:39:08,Atrasado
1779,2025-04-05 03:57:32,0.0732,3079.6,2877.07,Debito,Confirmado,Abril,C01779,Yago Sales,Juiz de Fora,MG,Sudeste,D01779,Standard,22.9,2025-05-14 17:20:40,2025-05-16 17:20:40,A Caminho
1780,2025-02-24 04:44:13,0.0148,7196.04,7112.44,Debito,Confirmado,Fevereiro,C01780,Eduarda Melo,Serra,ES,Sudeste,D01780,Standard,22.9,2025-05-03 02:43:13,2025-05-04 02:43:13,Atrasado
1783,2025-05-02 05:49:38,0.1295,107.8,136.74,Boleto,Confirmado,Maio,C01783,Sr. Davi Luiz Cardoso,Londrina,PR,Sul,D01783,Same-Day,42.9,2025-04-19 14:49:13,2025-04-19 14:49:13,Atrasado
1786,2025-04-16 01:24:28,0.0661,71.6,99.86,Debito,Confirmado,Abril,C01786,Natália Novaes,Caxias,MA,Nordeste,D01786,Scheduled,32.99,2025-04-18 13:56:28,2025-04-20 13:56:28,A Caminho
1787,2025-04-10 01:31:07,0.0694,7916.4,7409.9,Debito,Confirmado,Abril,C01787,Maitê da Conceição,Manaus,AM,Norte,D01787,Same-Day,42.9,2025-04-20 05:31:54,2025-04-21 05:31:54,Trânsito
1788,2025-04-11 06:50:24,0.1432,174.9,192.75,Credito,Confirmado,Abril,C01788,Henrique Carvalho,Santo André,SP,Sudeste,D01788,Same-Day,42.9,2025-05-03 15:14:47,2025-05-05 15:14:47,Trânsito
1790,2025-02-18 00:55:21,0.0669,898.0,880.82,Credito,Confirmado,Fevereiro,C01790,Ana Clara das Neves,Bayeux,PB,Nordeste,D01790,Same-Day,42.9,2025-05-09 06:39:09,2025-05-12 06:39:09,Atrasado
1793,2025-05-15 22:02:53,0.0425,129.86,147.24,Debito,Confirmado,Maio,C01793,Marina da Paz,Parintins,AM,Norte,D01793,Standard,22.9,2025-05-03 00:17:22,2025-05-05 00:17:22,Entregue
1795,2025-04-12 11:16:46,0.035,124.91,143.44,Credito,Confirmado,Abril,C01795,Bryan Ribeiro,Cachoeiro de Itapemirim,ES,Sudeste,D01795,Standard,22.9,2025-04-16 23:43:58,2025-04-20 23:43:58,Atrasado
1796,2025-03-28 18:19:33,0.0516,428.99,449.75,Credito,Confirmado,Março,C01796,Sophie da Conceição,Tarauacá,AC,Norte,D01796,Same-Day,42.9,2025-05-14 08:52:48,2025-05-17 08:52:48,A Caminho
1799,2025-03-19 02:59:15,0.036,1796.0,1764.33,PIX,Confirmado,Março,C01799,Antônio Melo,Currais Novos,RN,Nordeste,D01799,Scheduled,32.99,2025-05-12 22:28:47,2025-05-14 22:28:47,A Caminho
1802,2025-02-17 12:27:55,0.1356,49.9,66.03,Boleto,Confirmado,Fevereiro,C01802,Enzo Gabriel Moraes,Florianópolis,SC,Sul,D01802,Standard,22.9,2025-04-27 02:38:30,2025-04-30 02:38:30,Trânsito
1804,2025-05-05 07:39:45,0.1471,1979.1,1720.96,Boleto,Confirmado,Maio,C01804,Cecília Duarte,Duque de Caxias,RJ,Sudeste,D01804,Scheduled,32.99,2025-04-30 15:16:12,2025-05-02 15:16:12,Atrasado
1805,2025-03-12 20:17:14,0.0521,2144.0,2065.29,Boleto,Confirmado,Março,C01805,Dra. Amanda Lima,Joinville,SC,Sul,D01805,Scheduled,32.99,2025-04-26 16:28:39,2025-04-26 16:28:39,Atrasado
1806,2025-03-22 02:07:41,0.1255,6099.98,5367.42,Credito,Confirmado,Março,C01806,Luiz Gustavo da Mota,Itacoatiara,AM,Norte,D01806,Scheduled,32.99,2025-04-24 05:19:27,2025-04-28 05:19:27,Trânsito
1807,2025-03-15 22:41:39,0.0385,2309.7,2253.77,PIX,Confirmado,Março,C01807,Sr. Carlos Eduardo Ribeiro,Niterói,RJ,Sudeste,D01807,Scheduled,32.99,2025-05-11 14:48:19,2025-05-13 14:48:19,Entregue
1812,2025-05-05 03:07:21,0.0665,449.0,452.13,Boleto,Confirmado,Maio,C01812,Pedro Nogueira,Mucajaí,RR,Norte,D01812,Scheduled,32.99,2025-04-24 20:30:38,2025-04-29 20:30:38,Entregue
1820,2025-04-01 03:36:27,0.0598,51.8,71.6,PIX,Confirmado,Abril,C01820,Luiz Fernando Pereira,Laranjal do Jari,AP,Norte,D01820,Standard,22.9,2025-04-24 17:20:29,2025-04-28 17:20:29,Entregue
1822,2025-03-07 22:58:08,0.1375,1799.01,1574.55,PIX,Confirmado,Março,C01822,Alexandre Moreira,Pelotas,RS,Sul,D01822,Standard,22.9,2025-04-27 22:39:48,2025-05-01 22:39:48,Entregue
1823,2025-04-01 05:03:14,0.1345,12199.96,10601.97,PIX,Confirmado,Abril,C01823,Olivia das Neves,Blumenau,SC,Sul,D01823,Same-Day,42.9,2025-05-02 14:35:18,2025-05-05 14:35:18,Trânsito
1828,2025-05-07 15:58:25,0.0681,155.4,177.81,Debito,Confirmado,Maio,C01828,Diego Cavalcanti,Mucajaí,RR,Norte,D01828,Scheduled,32.99,2025-05-06 05:34:33,2025-05-11 05:34:33,Trânsito
1831,2025-03-23 09:03:40,0.033,499.64,526.05,Credito,Confirmado,Março,C01831,Eduarda Castro,Londrina,PR,Sul,D01831,Same-Day,42.9,2025-04-19 22:02:30,2025-04-19 22:02:30,Trânsito
1853,2025-03-09 13:28:59,0.0398,3796.0,3687.82,PIX,Confirmado,Março,C01853,Lívia Pinto,São Paulo,SP,Sudeste,D01853,Same-Day,42.9,2025-04-24 22:58:13,2025-04-26 22:58:13,Trânsito
1855,2025-02-20 10:17:34,0.0965,4879.71,4431.72,Boleto,Confirmado,Fevereiro,C01855,Carolina da Rosa,Aracaju,SE,Nordeste,D01855,Standard,22.9,2025-05-10 01:22:48,2025-05-10 01:22:48,Entregue
1863,2025-04-19 01:37:48,0.0963,199.6,203.28,Debito,Confirmado,Abril,C01863,Lívia Peixoto,São Luís,MA,Nordeste,D01863,Standard,22.9,2025-05-10 02:46:10,2025-05-10 02:46:10,Atrasado
1864,2025-03-10 13:37:21,0.0467,2697.0,2593.95,Boleto,Confirmado,Março,C01864,Dra. Lara Alves,Pelotas,RS,Sul,D01864,Standard,22.9,2025-04-29 17:04:47,2025-04-29 17:04:47,Trânsito
1865,2025-04-08 03:01:12,0.012,4879.71,4854.14,Credito,Confirmado,Abril,C01865,Maria Fernanda da Mota,Caxias do Sul,RS,Sul,D01865,Scheduled,32.99,2025-04-17 03:31:11,2025-04-18 03:31:11,Entregue
1870,2025-02-23 02:55:18,0.1336,12199.96,10612.95,Boleto,Confirmado,Fevereiro,C01870,Kevin Oliveira,Londrina,PR,Sul,D01870,Same-Day,42.9,2025-05-06 16:33:58,2025-05-10 16:33:58,Atrasado
1875,2025-05-07 01:29:51,0.0533,1079.0,1044.39,Boleto,Confirmado,Maio,C01875,Dra. Maria Julia Correia,São Luís,MA,Nordeste,D01875,Standard,22.9,2025-04-29 02:13:29,2025-04-30 02:13:29,Atrasado
1877,2025-04-09 18:23:17,0.0795,9149.97,8465.45,Debito,Confirmado,Abril,C01877,Srta. Ana Beatriz da Mota,Cantá,RR,Norte,D01877,Same-Day,42.9,2025-04-21 21:50:55,2025-04-24 21:50:55,Entregue
1885,2025-03-05 10:59:29,0.0607,71.6,90.15,PIX,Confirmado,Março,C01885,Camila Campos,Manacapuru,AM,Norte,D01885,Standard,22.9,2025-05-06 09:23:14,2025-05-10 09:23:14,A Caminho
1886,2025-03-21 05:32:17,0.016,4604.0,4553.24,PIX,Confirmado,Março,C01886,Joaquim Fernandes,Juazeiro do Norte,CE,Nordeste,D01886,Standard,22.9,2025-04-20 20:16:09,2025-04-20 20:16:09,Trânsito
1889,2025-05-11 08:54:52,0.107,5937.3,5344.91,Boleto,Confirmado,Maio,C01889,Kevin da Mota,Brasiléia,AC,Norte,D01889,Same-Day,42.9,2025-05-05 13:35:08,2025-05-07 13:35:08,Entregue
1891,2025-04-07 01:34:20,0.0025,4288.0,4300.18,Boleto,Confirmado,Abril,C01891,Eduardo Oliveira,Ribeirão Preto,SP,Sudeste,D01891,Standard,22.9,2025-05-13 14:55:40,2025-05-15 14:55:40,Atrasado
1911,2025-04-07 06:17:32,0.1336,259.72,267.92,Credito,Confirmado,Abril,C01911,Stephany Pinto,Nova Iguaçu,RJ,Sudeste,D01911,Same-Day,42.9,2025-04-21 15:13:13,2025-04-23 15:13:13,A Caminho
1918,2025-04-06 06:14:58,0.1386,497.97,471.85,PIX,Confirmado,Abril,C01918,Joaquim Ribeiro,Serra,ES,Sudeste,D01918,Same-Day,42.9,2025-04-21 14:41:19,2025-04-21 14:41:19,Trânsito
1921,2025-05-05 16:46:58,0.0831,4879.71,4497.11,Boleto,Confirmado,Maio,C01921,Luna Almeida,Juiz de Fora,MG,Sudeste,D01921,Standard,22.9,2025-04-16 07:51:18,2025-04-21 07:51:18,Atrasado
1922,2025-03-22 04:03:15,0.1036,149.7,157.09,Boleto,Confirmado,Março,C01922,Renan da Luz,Juazeiro do Norte,CE,Nordeste,D01922,Standard,22.9,2025-04-23 04:15:25,2025-04-28 04:15:25,A Caminho
1926,2025-03-03 14:57:34,0.0885,3796.0,3502.95,PIX,Confirmado,Março,C01926,Ian Moreira,Patos,PB,Nordeste,D01926,Same-Day,42.9,2025-04-19 10:37:37,2025-04-24 10:37:37,Entregue
1929,2025-04-28 11:04:47,0.1395,99.8,108.78,Boleto,Confirmado,Abril,C01929,Murilo da Paz,Tocantinópolis,TO,Norte,D01929,Standard,22.9,2025-04-13 15:11:59,2025-04-17 15:11:59,Entregue
1935,2025-05-08 12:49:51,0.032,49.9,91.2,Credito,Confirmado,Maio,C01935,Luna Aragão,Brasiléia,AC,Norte,D01935,Same-Day,42.9,2025-04-19 09:45:29,2025-04-20 09:45:29,Entregue
1941,2025-03-24 15:27:14,0.1147,12199.96,10833.61,Boleto,Confirmado,Março,C01941,João Rezende,Recife,PE,Nordeste,D01941,Scheduled,32.99,2025-05-14 17:31:12,2025-05-14 17:31:12,Trânsito
1946,2025-03-25 02:09:52,0.1207,3216.0,2850.73,Debito,Confirmado,Março,C01946,Vinicius Sales,São Luís,MA,Nordeste,D01946,Standard,22.9,2025-05-12 09:05:54,2025-05-15 09:05:54,A Caminho
1947,2025-04-06 00:32:00,0.1187,49.9,76.97,PIX,Confirmado,Abril,C01947,Henrique da Mata,Nova Iguaçu,RJ,Sudeste,D01947,Scheduled,32.99,2025-05-06 20:27:54,2025-05-11 20:27:54,Trânsito
1950,2025-03-10 19:50:53,0.0326,2144.0,2107.1,Debito,Confirmado,Março,C01950,Luiz Miguel da Conceição,Belém,PA,Norte,D01950,Scheduled,32.99,2025-04-18 00:10:57,2025-04-23 00:10:57,Trânsito
1953,2025-04-03 09:43:39,0.1233,1798.0,1619.21,Debito,Confirmado,Abril,C01953,Eduarda da Costa,São Gonçalo,RJ,Sudeste,D01953,Same-Day,42.9,2025-04-29 23:41:30,2025-05-01 23:41:30,Trânsito
1954,2025-04-25 23:04:48,0.0873,7916.4,7248.2,Credito,Confirmado,Abril,C01954,Lucas Gabriel Gonçalves,Sobral,CE,Nordeste,D01954,Standard,22.9,2025-05-09 06:25:03,2025-05-14 06:25:03,Trânsito
1962,2025-04-19 02:02:59,0.0043,249.82,271.65,Debito,Confirmado,Abril,C01962,Júlia Cavalcanti,Belém,PA,Norte,D01962,Standard,22.9,2025-04-25 07:31:55,2025-04-29 07:31:55,Trânsito
1963,2025-03-10 05:16:25,0.1366,215.6,229.05,Debito,Confirmado,Março,C01963,Stephany Almeida,Santo André,SP,Sudeste,D01963,Same-Day,42.9,2025-05-14 19:10:03,2025-05-14 19:10:03,A Caminho
1968,2025-03-13 17:20:35,0.0428,5937.3,5706.08,Boleto,Confirmado,Março,C01968,Lara Barbosa,Gravataí,RS,Sul,D01968,Standard,22.9,2025-05-06 17:59:46,2025-05-07 17:59:46,Atrasado
1969,2025-04-20 09:15:32,0.0936,4316.0,3954.92,Boleto,Confirmado,Abril,C01969,Yuri da Costa,Cascavel,PR,Sul,D01969,Same-Day,42.9,2025-04-17 21:16:05,2025-04-22 21:16:05,Entregue
1972,2025-04-23 20:16:53,0.0489,10968.52,10455.06,Boleto,Confirmado,Abril,C01972,Maria Julia Duarte,Caicó,RN,Nordeste,D01972,Standard,22.9,2025-04-21 23:00:30,2025-04-22 23:00:30,A Caminho
1979,2025-05-07 18:24:03,0.0963,3796.0,3463.44,Boleto,Confirmado,Maio,C01979,Ana Carolina Rezende,Porto Velho,RO,Norte,D01979,Scheduled,32.99,2025-04-25 01:15:14,2025-04-28 01:15:14,Entregue
1982,2025-04-20 19:53:14,0.1472,3253.14,2797.18,PIX,Confirmado,Abril,C01982,Leandro Castro,Feira de Santana,BA,Nordeste,D01982,Standard,22.9,2025-05-12 10:28:25,2025-05-16 10:28:25,Atrasado
1987,2025-05-02 03:45:50,0.1405,174.9,183.32,Boleto,Confirmado,Maio,C01987,Dra. Maria Porto,São Bernardo do Campo,SP,Sudeste,D01987,Scheduled,32.99,2025-04-17 13:12:04,2025-04-21 13:12:04,A Caminho
1989,2025-04-05 04:58:21,0.0866,1715.96,1610.26,Debito,Confirmado,Abril,C01989,Sr. Leandro Lima,Maringá,PR,Sul,D01989,Same-Day,42.9,2025-04-24 11:51:40,2025-04-24 11:51:40,A Caminho
1994,2025-03-29 05:15:29,0.1127,769.9,716.12,Debito,Confirmado,Março,C01994,Samuel Fernandes,Blumenau,SC,Sul,D01994,Scheduled,32.99,2025-05-06 17:32:53,2025-05-06 17:32:53,Entregue
1997,2025-05-12 22:02:18,0.0577,769.9,748.38,Debito,Confirmado,Maio,C01997,Guilherme Alves,Nossa Senhora,SE,Nordeste,D01997,Standard,22.9,2025-04-23 23:56:49,2025-04-28 23:56:49,Atrasado
